Treatment,Temperature,CO2,Tray,Genotype,Population,Elevation,Cohort,OD_transplant,Date_PostVern_Flowering,Date_silique,Height1_flowering,Height2_flowering,Height3_flowering,Height4_flowering,Height5_flowering,Height6_flowering,Height7_flowering,Height8_flowering,SLA_rosette_June22,LDMC_June22_Rosette_DW.FW_g,Lifetime_Flowered,Mature_silique_number_total,Mature_length_siliques_total,Block,Root_Shoot,RMF,Days_to_Flower,Flowering_Duration,Height_flowering
T1,High,High,1,213_1,213,2789.81,1,223,261,293,143,NA,NA,NA,NA,NA,NA,NA,158.5128619,0.392638037,1,13,431.5,1_T1,NA,0.831706282,19,32,143
T1,High,High,1,158_2,158,3004,1,230,NA,NA,NA,NA,NA,NA,NA,NA,NA,NA,138.4744193,0.336538462,0,0,0,1_T1,NA,0.744940572,NA,NA,NA
T1,High,High,1,270_10,270,2553,1,225,NA,NA,NA,NA,NA,NA,NA,NA,NA,NA,NA,NA,0,0,0,1_T1,NA,NA,NA,NA,NA
T1,High,High,1,269_15,269,2800,1,225,262,341,71,NA,NA,NA,NA,NA,NA,NA,84.10442899,0.423558897,1,11,283.4,1_T1,4.227385378,0.808699775,22,79,71
T1,High,High,1,211_13A,211,3121.58,1,225,NA,NA,NA,NA,NA,NA,NA,NA,NA,NA,NA,NA,0,0,0,1_T1,NA,NA,NA,NA,NA
T1,High,High,1,48_2,48,2951,1,225,NA,NA,NA,NA,NA,NA,NA,NA,NA,NA,NA,NA,0,0,0,1_T1,NA,NA,NA,NA,NA
T1,High,High,1,57_1,57,3143,2,250,NA,NA,NA,NA,NA,NA,NA,NA,NA,NA,125.3391941,0.329749104,0,0,0,1_T1,NA,0.664110756,NA,NA,NA
T1,High,High,1,98_7,98,3011,1,230,NA,NA,NA,NA,NA,NA,NA,NA,NA,NA,NA,NA,0,0,0,1_T1,NA,NA,NA,NA,NA
T1,High,High,1,303_8,303,3570,1,223,NA,NA,NA,NA,NA,NA,NA,NA,NA,NA,101.2980943,0.398514851,0,0,0,1_T1,NA,0.668807888,NA,NA,NA
T1,High,High,1,253_9,253,3460,1,225,NA,NA,NA,NA,NA,NA,NA,NA,NA,NA,NA,NA,0,0,0,1_T1,NA,NA,NA,NA,NA
T1,High,High,1,46_3A,46,3009,1,229,NA,NA,NA,NA,NA,NA,NA,NA,NA,NA,NA,NA,0,0,0,1_T1,NA,NA,NA,NA,NA
T1,High,High,1,102_5,102,3072,1,223,NA,NA,NA,NA,NA,NA,NA,NA,NA,NA,NA,NA,0,0,0,1_T1,NA,NA,NA,NA,NA
T1,High,High,1,194_2,194,3108,1,223,284,321,77,NA,NA,NA,NA,NA,NA,NA,119.0167255,0.368731563,1,22,607.06,1_T1,2.442708333,0.709531014,42,37,77
T1,High,High,1,98_7,98,3011,1,230,NA,NA,NA,NA,NA,NA,NA,NA,NA,NA,NA,NA,0,0,0,1_T1,NA,NA,NA,NA,NA
T1,High,High,1,273_18C,273,2710,2,257,NA,NA,NA,NA,NA,NA,NA,NA,NA,NA,NA,NA,0,0,0,1_T1,NA,NA,NA,NA,NA
T1,High,High,1,304_19A,304,3673,1,225,NA,NA,NA,NA,NA,NA,NA,NA,NA,NA,NA,NA,0,0,0,1_T1,NA,NA,NA,NA,NA
T1,High,High,1,252_4,252,3444,1,239,246,255,29,NA,NA,NA,NA,NA,NA,NA,NA,NA,1,5,151.4,1_T1,NA,NA,20,9,29
T1,High,High,1,86_2,86,2880,1,223,NA,NA,NA,NA,NA,NA,NA,NA,NA,NA,NA,NA,0,0,0,1_T1,NA,NA,NA,NA,NA
T1,High,High,1,270_26,270,2553,1,229,NA,NA,NA,NA,NA,NA,NA,NA,NA,NA,NA,NA,0,0,0,1_T1,NA,NA,NA,NA,NA
T1,High,High,1,283_22,283,2890,1,225,NA,NA,NA,NA,NA,NA,NA,NA,NA,NA,NA,NA,0,0,0,1_T1,NA,NA,NA,NA,NA
T1,High,High,1,253_9,253,3460,1,230,NA,NA,NA,NA,NA,NA,NA,NA,NA,NA,NA,NA,0,0,0,1_T1,NA,NA,NA,NA,NA
T1,High,High,1,250_28,250,3133,1,229,254,281,72.5,NA,NA,NA,NA,NA,NA,NA,99.82779367,0.391089109,1,10,346.6,1_T1,NA,0.740177124,18,27,72.5
T1,High,High,1,304_19A,304,3673,2,248,NA,NA,NA,NA,NA,NA,NA,NA,NA,NA,232.4153394,0.31372549,0,0,0,1_T1,NA,1,NA,NA,NA
T1,High,High,1,56_3,56,3132,1,225,261,278,120,NA,NA,NA,NA,NA,NA,NA,148.9081223,0.320241692,1,8,440.2,1_T1,2.393792825,0.705344418,21,17,120
T1,High,High,1,194_2,194,3108,1,223,267,345,131,NA,NA,NA,NA,NA,NA,NA,106.4109927,0.408268734,1,24,509.4,1_T1,2.066977674,0.67394611,25,78,131
T1,High,High,1,273_37,273,2710,1,225,NA,NA,NA,NA,NA,NA,NA,NA,NA,NA,NA,NA,0,0,0,1_T1,NA,NA,NA,NA,NA
T1,High,High,1,86_2,86,2880,1,223,NA,NA,NA,NA,NA,NA,NA,NA,NA,NA,NA,NA,0,0,0,1_T1,NA,NA,NA,NA,NA
T1,High,High,1,67_4,67,2903,1,223,284,308,95,NA,NA,NA,NA,NA,NA,NA,107.1318258,0.465217391,1,12,150.35,1_T1,0.649359886,0.393704183,42,24,95
T1,High,High,1,151_3,151,2975,1,223,273,351,184,NA,NA,NA,NA,NA,NA,NA,121.806116,0.391304348,1,28,547.4,1_T1,0.561184578,0.359460749,31,78,184
T1,High,High,1,51_1,51,2929,2,267,NA,NA,NA,NA,NA,NA,NA,NA,NA,NA,NA,NA,0,0,0,1_T1,NA,NA,NA,NA,NA
T1,High,High,1,156_5,156,2996,1,229,NA,NA,NA,NA,NA,NA,NA,NA,NA,NA,NA,NA,0,0,0,1_T1,NA,NA,NA,NA,NA
T1,High,High,1,214_7,214,2693.59,1,229,NA,NA,NA,NA,NA,NA,NA,NA,NA,NA,NA,NA,0,0,0,1_T1,NA,NA,NA,NA,NA
T1,High,High,1,262_3,262,2717.292,2,265,NA,NA,NA,NA,NA,NA,NA,NA,NA,NA,NA,NA,0,0,0,1_T1,NA,NA,NA,NA,NA
T1,High,High,1,102_5,102,3072,1,223,NA,NA,NA,NA,NA,NA,NA,NA,NA,NA,NA,NA,0,0,0,1_T1,NA,NA,NA,NA,NA
T1,High,High,1,211_13A,211,3121.58,1,223,262,280,74,NA,NA,NA,NA,NA,NA,NA,130.5368858,0.47972973,1,9,347.5,1_T1,2.372881356,0.703517588,20,18,74
T1,High,High,1,213_1,213,2789.81,1,223,263,357,154,NA,NA,NA,NA,NA,NA,NA,122.6300857,0.3878327,1,18,510.1,1_T1,0.589923843,0.371039057,21,94,154
T1,High,High,1,283_11,283,2890,2,257,NA,NA,NA,NA,NA,NA,NA,NA,NA,NA,NA,NA,0,0,0,1_T1,NA,NA,NA,NA,NA
T1,High,High,1,267_12,267,2498.61,1,225,NA,NA,NA,NA,NA,NA,NA,NA,NA,NA,NA,NA,0,0,0,1_T1,NA,NA,NA,NA,NA
T1,High,High,1,283_22,283,2890,1,225,262,273,117,NA,NA,NA,NA,NA,NA,NA,181.583619,0.347639485,1,9,204.8,1_T1,3.105155692,0.75640388,22,11,117
T1,High,High,1,151_3,151,2975,1,223,275,345,153,NA,NA,NA,NA,NA,NA,NA,137.0642892,0.373493976,1,42,600.84,1_T1,0.756545821,0.430700874,33,70,153
T1,High,High,1,210_3,210,3161.3,1,239,NA,NA,NA,NA,NA,NA,NA,NA,NA,NA,NA,NA,0,0,0,1_T1,NA,NA,NA,NA,NA
T1,High,High,1,250_28,250,3133,1,229,258,323,50,NA,NA,NA,NA,NA,NA,NA,126.4599052,0.411538462,1,17,286.2,1_T1,5.021156559,0.833918951,22,65,50
T1,High,High,1,107_4,107,3091,1,232,NA,NA,NA,NA,NA,NA,NA,NA,NA,NA,105.4789616,0.456521739,0,0,0,1_T1,NA,0.930612245,NA,NA,NA
T1,High,High,1,270_10,270,2553,1,225,NA,NA,NA,NA,NA,NA,NA,NA,NA,NA,NA,NA,0,0,0,1_T1,NA,NA,NA,NA,NA
T1,High,High,1,270_26,270,2553,1,229,NA,NA,NA,NA,NA,NA,NA,NA,NA,NA,NA,NA,0,0,0,1_T1,NA,NA,NA,NA,NA
T1,High,High,1,253_9,253,3460,1,239,NA,NA,NA,NA,NA,NA,NA,NA,NA,NA,NA,NA,0,0,0,1_T1,NA,NA,NA,NA,NA
T1,High,High,1,157_3,157,3004,2,257,NA,NA,NA,NA,NA,NA,NA,NA,NA,NA,NA,NA,0,0,0,1_T1,NA,NA,NA,NA,NA
T1,High,High,1,210_3,210,3161.3,2,248,250,275,40,NA,NA,NA,NA,NA,NA,NA,77.63755075,0.39800995,1,5,50.33,1_T1,NA,0.736218302,33,25,40
T1,High,High,1,200_1,200,3447,1,223,275,307,53,54,NA,NA,NA,NA,NA,NA,NA,NA,1,0,0,1_T1,NA,NA,33,32,107
T1,High,High,1,151_3,151,2975,1,225,NA,NA,NA,NA,NA,NA,NA,NA,NA,NA,NA,NA,0,0,0,1_T1,NA,NA,NA,NA,NA
T1,High,High,1,328_2,328,3660,1,225,262,278,34,NA,NA,NA,NA,NA,NA,NA,95.06786254,0.0342711,1,10,353.1,1_T1,0.537087379,0.349418898,22,16,34
T1,High,High,1,154_5,154,2992,2,265,NA,NA,NA,NA,NA,NA,NA,NA,NA,NA,NA,NA,0,0,0,1_T1,NA,NA,NA,NA,NA
T1,High,High,1,49_2,49,2935,1,223,NA,NA,NA,NA,NA,NA,NA,NA,NA,NA,NA,NA,0,0,0,1_T1,NA,NA,NA,NA,NA
T1,High,High,1,210_3,210,3161.3,2,248,243,NA,52,NA,NA,NA,NA,NA,NA,NA,93.40335082,0.041428571,1,11,210.1,1_T1,1.484029484,0.597428289,26,NA,52
T1,High,High,1,68_1,68,2904,2,257,NA,NA,NA,NA,NA,NA,NA,NA,NA,NA,NA,NA,0,0,0,1_T1,NA,NA,NA,NA,NA
T1,High,High,1,262_3,262,2717.292,1,229,NA,NA,NA,NA,NA,NA,NA,NA,NA,NA,NA,NA,0,0,0,1_T1,NA,NA,NA,NA,NA
T1,High,High,1,1_3,1,2989,1,239,NA,NA,NA,NA,NA,NA,NA,NA,NA,NA,NA,NA,0,0,0,1_T1,NA,NA,NA,NA,NA
T1,High,High,1,91_2,91,2910,1,232,NA,NA,NA,NA,NA,NA,NA,NA,NA,NA,NA,NA,0,0,0,1_T1,NA,NA,NA,NA,NA
T1,High,High,1,50_1,50,2934,2,257,NA,NA,NA,NA,NA,NA,NA,NA,NA,NA,NA,NA,0,0,0,1_T1,NA,NA,NA,NA,NA
T1,High,High,1,83_1,83,2994,1,229,NA,NA,NA,NA,NA,NA,NA,NA,NA,NA,NA,NA,0,0,0,1_T1,NA,NA,NA,NA,NA
T1,High,High,1,86_2,86,2880,1,229,NA,NA,NA,NA,NA,NA,NA,NA,NA,NA,NA,NA,0,0,0,1_T1,NA,NA,NA,NA,NA
T1,High,High,1,269_15,269,2800,1,225,258,367,49,NA,NA,NA,NA,NA,NA,NA,71.29822825,0.42632613,1,17,275.3,1_T1,5.52722063,0.846795435,18,109,49
T1,High,High,1,201_2,201,3352,1,223,262,275,109,NA,NA,NA,NA,NA,NA,NA,87.88812318,0.370307167,1,6,235.4,1_T1,2.219761499,0.689417989,20,13,109
T1,High,High,1,259_19C,259,2759.964,1,232,NA,NA,NA,NA,NA,NA,NA,NA,NA,NA,NA,NA,0,0,0,1_T1,NA,NA,NA,NA,NA
T1,High,High,1,250_16,250,3133,2,257,232,331,89,NA,NA,NA,NA,NA,NA,NA,102.2643884,0.386792453,1,32,715.3,1_T1,1.495026054,0.599202582,24,99,89
T1,High,High,1,86_2,86,2880,1,223,269,308,162,NA,NA,NA,NA,NA,NA,NA,105.641737,0.389767442,1,14,376,1_T1,2.267581475,0.693963255,27,39,162
T1,High,High,1,303_8,303,3570,1,223,NA,NA,NA,NA,NA,NA,NA,NA,NA,NA,NA,NA,0,0,0,1_T1,NA,NA,NA,NA,NA
T1,High,High,1,303_8,303,3570,1,225,260,294,52,NA,NA,NA,NA,NA,NA,NA,126.7328699,0.309405941,1,8,179.3,1_T1,1.035304659,0.508673065,20,34,52
T1,High,High,1,250_28,250,3133,1,229,254,274,56,NA,NA,NA,NA,NA,NA,NA,105.8399713,0.377862595,1,6,215.8,1_T1,1.630896226,0.61990139,18,20,56
T1,High,High,1,212_7,212,3131,1,223,267,308,77,NA,NA,NA,NA,NA,NA,NA,129.8126147,0.389312977,1,20,343.2,1_T1,2.304216867,0.697356427,25,41,77
T1,High,High,1,107_4,107,3091,1,225,NA,NA,NA,NA,NA,NA,NA,NA,NA,NA,NA,NA,0,0,0,1_T1,NA,NA,NA,NA,NA
T1,High,High,1,200_1,200,3447,1,225,NA,NA,NA,NA,NA,NA,NA,NA,NA,NA,NA,NA,0,0,0,1_T1,NA,NA,NA,NA,NA
T1,High,High,1,81_1,81,3095,1,241,NA,NA,NA,NA,NA,NA,NA,NA,NA,NA,NA,NA,0,0,0,1_T1,NA,NA,NA,NA,NA
T1,High,High,1,67_4,67,2903,1,223,263,351,201,NA,NA,NA,NA,NA,NA,NA,109.0528635,0.383802817,1,21,695.9,1_T1,0.595867461,0.373381547,21,88,201
T1,High,High,1,209_5,209,2721.21,1,239,NA,NA,NA,NA,NA,NA,NA,NA,NA,NA,NA,NA,0,0,0,1_T1,NA,NA,NA,NA,NA
T1,High,High,1,269_15,269,2800,1,225,NA,NA,NA,NA,NA,NA,NA,NA,NA,NA,NA,NA,0,0,0,1_T1,NA,NA,NA,NA,NA
T1,High,High,1,199_1,199,3502,1,239,NA,NA,NA,NA,NA,NA,NA,NA,NA,NA,NA,NA,0,0,0,1_T1,NA,NA,NA,NA,NA
T1,High,High,1,269_15,269,2800,1,225,NA,NA,NA,NA,NA,NA,NA,NA,NA,NA,NA,NA,0,0,0,1_T1,NA,NA,NA,NA,NA
T1,High,High,1,151_3,151,2975,1,225,NA,NA,NA,NA,NA,NA,NA,NA,NA,NA,NA,NA,0,0,0,1_T1,NA,NA,NA,NA,NA
T1,High,High,1,304_19A,304,3673,1,225,NA,NA,NA,NA,NA,NA,NA,NA,NA,NA,NA,NA,0,0,0,1_T1,NA,NA,NA,NA,NA
T1,High,High,1,209_5,209,2721.21,1,239,NA,NA,NA,NA,NA,NA,NA,NA,NA,NA,NA,NA,0,0,0,1_T1,NA,NA,NA,NA,NA
T1,High,High,1,50_1,50,2934,2,257,NA,NA,NA,NA,NA,NA,NA,NA,NA,NA,NA,NA,0,0,0,1_T1,NA,NA,NA,NA,NA
T1,High,High,1,201_2,201,3352,1,225,NA,NA,NA,NA,NA,NA,NA,NA,NA,NA,NA,NA,0,0,0,1_T1,NA,NA,NA,NA,NA
T1,High,High,1,158_2,158,3004,1,239,264,295,376,NA,NA,NA,NA,NA,NA,NA,99.27531628,0.415270019,1,20,444,1_T1,1.666760484,0.625013193,38,31,376
T1,High,High,1,107_4,107,3091,1,225,NA,NA,NA,NA,NA,NA,NA,NA,NA,NA,NA,NA,0,0,0,1_T1,NA,NA,NA,NA,NA
T1,High,High,1,328_2,328,3660,1,225,269,294,51,NA,NA,NA,NA,NA,NA,NA,135.2141605,0.353211009,1,5,147,1_T1,1.855008078,0.649738294,29,25,51
T1,High,High,1,257_2,257,2754.1728,1,223,NA,NA,NA,NA,NA,NA,NA,NA,NA,NA,NA,NA,0,0,0,1_T1,NA,NA,NA,NA,NA
T1,High,High,1,1_3,1,2989,2,248,NA,NA,NA,NA,NA,NA,NA,NA,NA,NA,NA,NA,0,0,0,1_T1,NA,NA,NA,NA,NA
T1,High,High,1,303_8,303,3570,1,225,262,294,51,NA,NA,NA,NA,NA,NA,NA,NA,NA,1,9,259.4,1_T1,NA,NA,22,32,51
T1,High,High,1,250_16,250,3133,2,257,NA,NA,NA,NA,NA,NA,NA,NA,NA,NA,101.102693,0.474474474,0,0,0,1_T1,1.650273224,0.622680412,NA,NA,NA
T1,High,High,1,51_1,51,2929,1,225,NA,NA,NA,NA,NA,NA,NA,NA,NA,NA,NA,NA,0,0,0,1_T1,NA,NA,NA,NA,NA
T1,High,High,1,107_4,107,3091,1,223,NA,NA,NA,NA,NA,NA,NA,NA,NA,NA,NA,NA,0,0,0,1_T1,NA,NA,NA,NA,NA
T1,High,High,1,257_2,257,2754.1728,1,230,NA,NA,NA,NA,NA,NA,NA,NA,NA,NA,NA,NA,0,0,0,1_T1,NA,NA,NA,NA,NA
T1,High,High,1,210_3,210,3161.3,2,248,246,271,54,NA,NA,NA,NA,NA,NA,NA,87.65806683,0.37084399,1,5,85.2,1_T1,1.264666667,0.558433912,29,25,54
T1,High,High,1,81_1,81,3095,1,225,NA,NA,NA,NA,NA,NA,NA,NA,NA,NA,NA,NA,0,0,0,1_T1,NA,NA,NA,NA,NA
T1,High,High,1,86_2,86,2880,1,229,NA,NA,NA,NA,NA,NA,NA,NA,NA,NA,NA,NA,0,0,0,1_T1,NA,NA,NA,NA,NA
T1,High,High,1,185_2,185,3411,2,257,NA,NA,NA,NA,NA,NA,NA,NA,NA,NA,NA,NA,0,0,0,1_T1,NA,NA,NA,NA,NA
T1,High,High,1,304_19A,304,3673,1,225,NA,NA,NA,NA,NA,NA,NA,NA,NA,NA,NA,NA,0,0,0,1_T1,NA,NA,NA,NA,NA
T1,High,High,2,200_1,200,3447,1,232,NA,NA,NA,NA,NA,NA,NA,NA,NA,NA,NA,NA,0,0,0,2_T1,NA,NA,NA,NA,NA
T1,High,High,2,250_16,250,3133,2,257,NA,NA,NA,NA,NA,NA,NA,NA,NA,NA,NA,NA,0,0,0,2_T1,NA,NA,NA,NA,NA
T1,High,High,2,154_5,154,2992,2,271,NA,NA,NA,NA,NA,NA,NA,NA,NA,NA,119.8136489,0.393063584,0,0,0,2_T1,NA,0.656509196,NA,NA,NA
T1,High,High,2,91_2,91,2910,2,257,NA,NA,NA,NA,NA,NA,NA,NA,NA,NA,82.97723554,0.41813602,0,0,0,2_T1,NA,0.766396575,NA,NA,NA
T1,High,High,2,83_1,83,2994,1,229,NA,NA,NA,NA,NA,NA,NA,NA,NA,NA,NA,NA,0,0,0,2_T1,NA,NA,NA,NA,NA
T1,High,High,2,158_2,158,3004,2,286,NA,NA,NA,NA,NA,NA,NA,NA,NA,NA,87.72914286,0.438325991,0,0,0,2_T1,1.749654219,0.636317907,NA,NA,NA
T1,High,High,2,199_1,199,3502,1,229,269,NA,74,NA,NA,NA,NA,NA,NA,NA,116.003059,0.385869565,1,14,226.9,2_T1,2.493100944,0.713721414,33,NA,74
T1,High,High,2,207_14B,207,3218.6,1,223,NA,NA,NA,NA,NA,NA,NA,NA,NA,NA,NA,NA,0,0,0,2_T1,NA,NA,NA,NA,NA
T1,High,High,2,107_4,107,3091,1,225,NA,NA,NA,NA,NA,NA,NA,NA,NA,NA,NA,NA,0,0,0,2_T1,NA,NA,NA,NA,NA
T1,High,High,2,102_5,102,3072,1,223,285,335,52,NA,NA,NA,NA,NA,NA,NA,109.7012192,0.360189573,1,6,91.3,2_T1,2.341089109,0.700696399,43,50,52
T1,High,High,2,98_7,98,3011,2,254,NA,NA,NA,NA,NA,NA,NA,NA,NA,NA,NA,NA,0,0,0,2_T1,NA,NA,NA,NA,NA
T1,High,High,2,86_2,86,2880,2,267,NA,NA,NA,NA,NA,NA,NA,NA,NA,NA,NA,NA,0,0,0,2_T1,NA,NA,NA,NA,NA
T1,High,High,2,283_11,283,2890,2,267,NA,NA,NA,NA,NA,NA,NA,NA,NA,NA,NA,NA,0,0,0,2_T1,NA,NA,NA,NA,NA
T1,High,High,2,154_5,154,2992,2,271,219,303,88,NA,NA,NA,NA,NA,NA,NA,147.3121226,0.453333333,1,25,305.9,2_T1,1.26503006,0.558504756,25,84,88
T1,High,High,2,270_10,270,2553,1,232,NA,NA,NA,NA,NA,NA,NA,NA,NA,NA,NA,NA,0,0,0,2_T1,NA,NA,NA,NA,NA
T1,High,High,2,273_18C,273,2710,2,257,241,301,91,NA,NA,NA,NA,NA,NA,NA,99.23951669,0.386111111,1,22,463.8,2_T1,3.474486804,0.776510683,33,60,91
T1,High,High,2,255_28,255,3341.67,2,265,NA,NA,NA,NA,NA,NA,NA,NA,NA,NA,NA,NA,0,0,0,2_T1,NA,NA,NA,NA,NA
T1,High,High,2,48_2,48,2951,1,225,NA,NA,NA,NA,NA,NA,NA,NA,NA,NA,NA,NA,0,0,0,2_T1,NA,NA,NA,NA,NA
T1,High,High,2,211_13A,211,3121.58,1,223,259,300,84,NA,NA,NA,NA,NA,NA,NA,110.1106063,0.409090909,1,15,789.7,2_T1,1.225274151,0.550617168,17,41,84
T1,High,High,2,56_3,56,3132,1,230,NA,NA,NA,NA,NA,NA,NA,NA,NA,NA,NA,NA,0,0,0,2_T1,NA,NA,NA,NA,NA
T1,High,High,2,270_26,270,2553,1,232,262,319,353,NA,NA,NA,NA,NA,NA,NA,123.7634859,0.46701847,1,28,804.8,2_T1,1.324231011,0.569750169,29,57,353
T1,High,High,2,107_4,107,3091,1,223,NA,NA,NA,NA,NA,NA,NA,NA,NA,NA,91.63640971,0.41468254,0,0,0,2_T1,2.732951289,0.732115444,NA,NA,NA
T1,High,High,2,283_22,283,2890,1,225,NA,NA,NA,NA,NA,NA,NA,NA,NA,NA,NA,NA,0,0,0,2_T1,NA,NA,NA,NA,NA
T1,High,High,2,267_12,267,2498.61,1,225,282,367,95,NA,NA,NA,NA,NA,NA,NA,102.4139201,0.3657289,1,34,764,2_T1,1.686354379,0.627748294,42,85,95
T1,High,High,2,185_2,185,3411,2,257,233,NA,122,NA,NA,NA,NA,NA,NA,NA,100.6009742,0.378706199,1,17,376.6,2_T1,2.309840857,0.69787067,25,NA,122
T1,High,High,2,189_1,189,3273,1,229,NA,NA,NA,NA,NA,NA,NA,NA,NA,NA,NA,NA,0,0,0,2_T1,NA,NA,NA,NA,NA
T1,High,High,2,194_2,194,3108,1,223,285,308,267,NA,NA,NA,NA,NA,NA,NA,118.0468311,0.373831776,1,15,317,2_T1,1.599757796,0.615348783,43,23,267
T1,High,High,2,213_1,213,2789.81,1,223,264,308,129,NA,NA,NA,NA,NA,NA,NA,NA,NA,1,11,234.6,2_T1,2.186922061,0.686217617,22,44,129
T1,High,High,2,107_4,107,3091,1,229,NA,NA,NA,NA,NA,NA,NA,NA,NA,NA,NA,NA,0,0,0,2_T1,NA,NA,NA,NA,NA
T1,High,High,2,188_2,188,3126,1,223,NA,NA,NA,NA,NA,NA,NA,NA,NA,NA,73.49598238,0.4002849,0,0,0,2_T1,1.346212506,0.573781148,NA,NA,NA
T1,High,High,2,102_5,102,3072,1,223,275,321,119,181,128,NA,NA,NA,NA,NA,127.4942813,0.405063291,1,27,825,2_T1,2.836888027,0.739372118,33,46,428
T1,High,High,2,328_2,328,3660,1,225,NA,NA,NA,NA,NA,NA,NA,NA,NA,NA,NA,NA,0,0,0,2_T1,NA,NA,NA,NA,NA
T1,High,High,2,106_6,106,2925,1,225,NA,NA,NA,NA,NA,NA,NA,NA,NA,NA,NA,NA,0,0,0,2_T1,NA,NA,NA,NA,NA
T1,High,High,2,207_14B,207,3218.6,2,257,NA,NA,NA,NA,NA,NA,NA,NA,NA,NA,NA,NA,0,0,0,2_T1,NA,NA,NA,NA,NA
T1,High,High,2,86_2,86,2880,1,229,NA,NA,NA,NA,NA,NA,NA,NA,NA,NA,NA,NA,0,0,0,2_T1,NA,NA,NA,NA,NA
T1,High,High,2,102_5,102,3072,1,223,NA,NA,NA,NA,NA,NA,NA,NA,NA,NA,NA,NA,0,0,0,2_T1,NA,NA,NA,NA,NA
T1,High,High,2,156_5,156,2996,1,229,NA,NA,NA,NA,NA,NA,NA,NA,NA,NA,NA,NA,0,0,0,2_T1,NA,NA,NA,NA,NA
T1,High,High,2,262_3,262,2717.292,2,265,NA,NA,NA,NA,NA,NA,NA,NA,NA,NA,NA,NA,0,0,0,2_T1,NA,NA,NA,NA,NA
T1,High,High,2,328_2,328,3660,1,225,NA,NA,NA,NA,NA,NA,NA,NA,NA,NA,NA,NA,0,0,0,2_T1,NA,NA,NA,NA,NA
T1,High,High,2,304_19A,304,3673,1,225,NA,NA,NA,NA,NA,NA,NA,NA,NA,NA,NA,NA,0,0,0,2_T1,NA,NA,NA,NA,NA
T1,High,High,2,83_1,83,2994,1,229,NA,NA,NA,NA,NA,NA,NA,NA,NA,NA,NA,NA,0,0,0,2_T1,NA,NA,NA,NA,NA
T1,High,High,2,273_18C,273,2710,2,257,NA,NA,NA,NA,NA,NA,NA,NA,NA,NA,NA,NA,0,0,0,2_T1,NA,NA,NA,NA,NA
T1,High,High,2,270_10,270,2553,1,225,NA,NA,NA,NA,NA,NA,NA,NA,NA,NA,NA,NA,0,0,0,2_T1,NA,NA,NA,NA,NA
T1,High,High,2,50_1,50,2934,2,265,220,226,142,NA,NA,NA,NA,NA,NA,NA,123.1897196,0.390374332,1,7,312.8,2_T1,3.246397695,0.764506278,20,6,142
T1,High,High,2,304_19A,304,3673,1,225,NA,NA,NA,NA,NA,NA,NA,NA,NA,NA,NA,NA,0,0,0,2_T1,NA,NA,NA,NA,NA
T1,High,High,2,48_2,48,2951,1,225,NA,NA,NA,NA,NA,NA,NA,NA,NA,NA,NA,NA,0,0,0,2_T1,NA,NA,NA,NA,NA
T1,High,High,2,86_2,86,2880,1,223,318,343,43,NA,NA,NA,NA,NA,NA,NA,99.78211153,0.425675676,1,0,0,2_T1,2.123167155,0.679812207,76,25,43
T1,High,High,2,210_3,210,3161.3,2,257,NA,NA,NA,NA,NA,NA,NA,NA,NA,NA,NA,NA,0,0,0,2_T1,NA,NA,NA,NA,NA
T1,High,High,2,199_1,199,3502,2,257,NA,NA,NA,NA,NA,NA,NA,NA,NA,NA,NA,NA,0,0,0,2_T1,NA,NA,NA,NA,NA
T1,High,High,2,273_37,273,2710,1,239,NA,NA,NA,NA,NA,NA,NA,NA,NA,NA,NA,NA,0,0,0,2_T1,NA,NA,NA,NA,NA
T1,High,High,2,212_7,212,3131,1,223,259,351,116,NA,NA,NA,NA,NA,NA,NA,97.15549582,0.560283688,1,43,964.1,2_T1,1.529697422,0.604695806,17,92,116
T1,High,High,2,270_10,270,2553,1,225,NA,NA,NA,NA,NA,NA,NA,NA,NA,NA,NA,NA,0,0,0,2_T1,NA,NA,NA,NA,NA
T1,High,High,2,257_2,257,2754.1728,1,223,273,308,65,NA,NA,NA,NA,NA,NA,NA,123.4940173,0.428571429,1,9,216.5,2_T1,3.104918033,0.756389776,31,35,65
T1,High,High,2,211_13A,211,3121.58,1,223,260,280,73,NA,NA,NA,NA,NA,NA,NA,117.3984368,0.434163701,1,8,385.2,2_T1,1.323872473,0.569683788,18,20,73
T1,High,High,2,86_2,86,2880,1,229,NA,NA,NA,NA,NA,NA,NA,NA,NA,NA,NA,NA,0,0,0,2_T1,NA,NA,NA,NA,NA
T1,High,High,2,67_4,67,2903,1,223,NA,NA,NA,NA,NA,NA,NA,NA,NA,NA,NA,NA,0,0,0,2_T1,NA,NA,NA,NA,NA
T1,High,High,2,267_12,267,2498.61,1,232,NA,NA,NA,NA,NA,NA,NA,NA,NA,NA,67.53520931,0.453367876,0,0,0,2_T1,3.238095238,0.764044944,NA,NA,NA
T1,High,High,2,257_2,257,2754.1728,1,223,262,313,186,NA,NA,NA,NA,NA,NA,NA,150.9497414,0.339105339,1,15,274.4,2_T1,1.214757282,0.548483254,20,51,186
T1,High,High,2,270_26,270,2553,1,232,NA,NA,NA,NA,NA,NA,NA,NA,NA,NA,91.98391712,0.47706422,0,0,0,2_T1,2.929947461,0.745543672,NA,NA,NA
T1,High,High,2,199_1,199,3502,2,267,NA,NA,NA,NA,NA,NA,NA,NA,NA,NA,NA,NA,0,0,0,2_T1,NA,NA,NA,NA,NA
T1,High,High,2,189_1,189,3273,1,239,NA,NA,NA,NA,NA,NA,NA,NA,NA,NA,NA,NA,0,0,0,2_T1,NA,NA,NA,NA,NA
T1,High,High,2,207_14B,207,3218.6,2,257,NA,NA,NA,NA,NA,NA,NA,NA,NA,NA,NA,NA,0,0,0,2_T1,NA,NA,NA,NA,NA
T1,High,High,2,262_3,262,2717.292,1,229,NA,NA,NA,NA,NA,NA,NA,NA,NA,NA,NA,NA,0,0,0,2_T1,NA,NA,NA,NA,NA
T1,High,High,2,209_5,209,2721.21,1,239,NA,NA,NA,NA,NA,NA,NA,NA,NA,NA,NA,NA,0,0,0,2_T1,NA,NA,NA,NA,NA
T1,High,High,2,214_7,214,2693.59,1,239,244,251,47,NA,NA,NA,NA,NA,NA,NA,113.3784358,0.392971246,1,3,93.6,2_T1,0.276025237,0.21631644,18,7,47
T1,High,High,2,56_3,56,3132,2,257,NA,NA,NA,NA,NA,NA,NA,NA,NA,NA,NA,NA,0,0,0,2_T1,NA,NA,NA,NA,NA
T1,High,High,2,214_7,214,2693.59,2,257,NA,NA,NA,NA,NA,NA,NA,NA,NA,NA,NA,NA,0,0,0,2_T1,NA,NA,NA,NA,NA
T1,High,High,2,49_2,49,2935,1,223,NA,NA,NA,NA,NA,NA,NA,NA,NA,NA,108.3351039,0.34122288,0,0,0,2_T1,2.039858282,0.671037296,NA,NA,NA
T1,High,High,2,212_7,212,3131,1,225,265,306,108,NA,NA,NA,NA,NA,NA,NA,183.8897162,0.298850575,1,11,279.5,2_T1,1.652777778,0.623036649,25,41,108
T1,High,High,2,253_9,253,3460,1,225,NA,NA,NA,NA,NA,NA,NA,NA,NA,NA,NA,NA,0,0,0,2_T1,NA,NA,NA,NA,NA
T1,High,High,2,257_2,257,2754.1728,1,223,NA,NA,NA,NA,NA,NA,NA,NA,NA,NA,NA,NA,0,0,0,2_T1,NA,NA,NA,NA,NA
T1,High,High,2,262_3,262,2717.292,1,229,NA,NA,NA,NA,NA,NA,NA,NA,NA,NA,NA,NA,0,0,0,2_T1,NA,NA,NA,NA,NA
T1,High,High,2,210_3,210,3161.3,2,257,234,266,74,NA,NA,NA,NA,NA,NA,NA,125.2847881,0.37254902,1,10,406.1,2_T1,0.948173741,0.486698759,26,32,74
T1,High,High,2,46_3A,46,3009,2,257,NA,NA,NA,NA,NA,NA,NA,NA,NA,NA,NA,NA,0,0,0,2_T1,NA,NA,NA,NA,NA
T1,High,High,2,51_1,51,2929,1,225,NA,NA,NA,NA,NA,NA,NA,NA,NA,NA,NA,NA,0,0,0,2_T1,NA,NA,NA,NA,NA
T1,High,High,2,328_2,328,3660,1,225,269,278,65,53,NA,NA,NA,NA,NA,NA,109.5787632,0.391891892,1,17,445.4,2_T1,0.796335079,0.443310988,29,9,118
T1,High,High,2,210_3,210,3161.3,2,257,NA,NA,NA,NA,NA,NA,NA,NA,NA,NA,NA,NA,0,0,0,2_T1,NA,NA,NA,NA,NA
T1,High,High,2,270_26,270,2553,1,241,NA,NA,NA,NA,NA,NA,NA,NA,NA,NA,NA,NA,0,0,0,2_T1,NA,NA,NA,NA,NA
T1,High,High,2,267_12,267,2498.61,1,225,NA,NA,NA,NA,NA,NA,NA,NA,NA,NA,NA,NA,0,0,0,2_T1,NA,NA,NA,NA,NA
T1,High,High,2,107_4,107,3091,1,223,NA,NA,NA,NA,NA,NA,NA,NA,NA,NA,NA,NA,0,0,0,2_T1,NA,NA,NA,NA,NA
T1,High,High,2,56_3,56,3132,2,257,NA,NA,NA,NA,NA,NA,NA,NA,NA,NA,NA,NA,0,0,0,2_T1,NA,NA,NA,NA,NA
T1,High,High,2,273_37,273,2710,1,239,NA,NA,NA,NA,NA,NA,NA,NA,NA,NA,NA,NA,0,0,0,2_T1,NA,NA,NA,NA,NA
T1,High,High,2,51_1,51,2929,1,225,NA,NA,NA,NA,NA,NA,NA,NA,NA,NA,NA,NA,0,0,0,2_T1,NA,NA,NA,NA,NA
T1,High,High,2,214_7,214,2693.59,2,257,NA,NA,NA,NA,NA,NA,NA,NA,NA,NA,NA,NA,0,0,0,2_T1,NA,NA,NA,NA,NA
T1,High,High,2,66_4,66,2940,1,223,NA,NA,NA,NA,NA,NA,NA,NA,NA,NA,91.93082419,0.465408805,0,0,0,2_T1,0.980593874,0.495100933,NA,NA,NA
T1,High,High,2,189_1,189,3273,2,271,NA,NA,NA,NA,NA,NA,NA,NA,NA,NA,125.0959309,0.369905956,0,0,0,2_T1,2.631236443,0.724611708,NA,NA,NA
T1,High,High,3,86_2,86,2880,2,257,NA,NA,NA,NA,NA,NA,NA,NA,NA,NA,NA,NA,0,0,0,3_T1,NA,NA,NA,NA,NA
T1,High,High,3,1_3,1,2989,2,248,NA,NA,NA,NA,NA,NA,NA,NA,NA,NA,NA,NA,0,0,0,3_T1,NA,NA,NA,NA,NA
T1,High,High,3,200_1,200,3447,1,232,NA,NA,NA,NA,NA,NA,NA,NA,NA,NA,NA,NA,0,0,0,3_T1,NA,NA,NA,NA,NA
T1,High,High,3,283_22,283,2890,1,225,NA,NA,NA,NA,NA,NA,NA,NA,NA,NA,NA,NA,0,0,0,3_T1,NA,NA,NA,NA,NA
T1,High,High,3,157_3,157,3004,1,225,271,343,74,NA,NA,NA,NA,NA,NA,NA,86.94126944,0.551532033,1,37,637.3,3_T1,2.533532042,0.716997048,31,72,74
T1,High,High,3,51_1,51,2929,1,225,NA,NA,NA,NA,NA,NA,NA,NA,NA,NA,NA,NA,0,0,0,3_T1,NA,NA,NA,NA,NA
T1,High,High,3,253_9,253,3460,2,257,234,311,108,NA,NA,NA,NA,NA,NA,NA,81.89376455,0.5129683,1,18,222.6,3_T1,1.935443565,0.659335982,26,77,108
T1,High,High,3,270_26,270,2553,1,241,NA,NA,NA,NA,NA,NA,NA,NA,NA,NA,NA,NA,0,0,0,3_T1,NA,NA,NA,NA,NA
T1,High,High,3,91_2,91,2910,2,257,NA,NA,NA,NA,NA,NA,NA,NA,NA,NA,NA,NA,0,0,0,3_T1,NA,NA,NA,NA,NA
T1,High,High,3,154_5,154,2992,2,271,225,280,81,91,NA,NA,NA,NA,NA,NA,160.4841919,0.5,1,32,464.6,3_T1,1.006885379,0.501715439,31,55,172
T1,High,High,3,194_2,194,3108,1,223,263,318,164,NA,NA,NA,NA,NA,NA,NA,133.5725491,0.56187291,1,37,1030,3_T1,1.660995185,0.624200748,21,55,164
T1,High,High,3,253_9,253,3460,2,257,NA,NA,NA,NA,NA,NA,NA,NA,NA,NA,NA,NA,0,0,0,3_T1,NA,NA,NA,NA,NA
T1,High,High,3,210_3,210,3161.3,2,257,NA,NA,NA,NA,NA,NA,NA,NA,NA,NA,NA,NA,0,0,0,3_T1,NA,NA,NA,NA,NA
T1,High,High,3,106_6,106,2925,1,232,NA,NA,NA,NA,NA,NA,NA,NA,NA,NA,NA,NA,0,0,0,3_T1,NA,NA,NA,NA,NA
T1,High,High,3,201_2,201,3352,1,225,NA,NA,NA,NA,NA,NA,NA,NA,NA,NA,NA,NA,0,0,0,3_T1,NA,NA,NA,NA,NA
T1,High,High,3,86_2,86,2880,2,257,NA,NA,NA,NA,NA,NA,NA,NA,NA,NA,NA,NA,0,0,0,3_T1,NA,NA,NA,NA,NA
T1,High,High,3,81_1,81,3095,1,225,NA,NA,NA,NA,NA,NA,NA,NA,NA,NA,NA,NA,0,0,0,3_T1,NA,NA,NA,NA,NA
T1,High,High,3,154_5,154,2992,2,286,NA,NA,NA,NA,NA,NA,NA,NA,NA,NA,NA,NA,0,0,0,3_T1,NA,NA,NA,NA,NA
T1,High,High,3,162_2,162,3055,1,229,NA,NA,NA,NA,NA,NA,NA,NA,NA,NA,NA,NA,0,0,0,3_T1,NA,NA,NA,NA,NA
T1,High,High,3,51_1,51,2929,1,230,NA,NA,NA,NA,NA,NA,NA,NA,NA,NA,NA,NA,0,0,0,3_T1,NA,NA,NA,NA,NA
T1,High,High,3,151_3,151,2975,1,225,NA,NA,NA,NA,NA,NA,NA,NA,NA,NA,NA,NA,0,0,0,3_T1,NA,NA,NA,NA,NA
T1,High,High,3,107_4,107,3091,1,244,NA,NA,NA,NA,NA,NA,NA,NA,NA,NA,92.20714703,0.501240695,0,0,0,3_T1,3.032958199,0.752043054,NA,NA,NA
T1,High,High,3,262_3,262,2717.292,1,232,NA,NA,NA,NA,NA,NA,NA,NA,NA,NA,NA,NA,0,0,0,3_T1,NA,NA,NA,NA,NA
T1,High,High,3,303_8,303,3570,1,225,NA,NA,NA,NA,NA,NA,NA,NA,NA,NA,NA,NA,0,0,0,3_T1,NA,NA,NA,NA,NA
T1,High,High,3,46_3A,46,3009,2,257,NA,NA,NA,NA,NA,NA,NA,NA,NA,NA,NA,NA,0,0,0,3_T1,NA,NA,NA,NA,NA
T1,High,High,3,201_2,201,3352,1,225,NA,NA,NA,NA,NA,NA,NA,NA,NA,NA,NA,NA,0,0,0,3_T1,NA,NA,NA,NA,NA
T1,High,High,3,200_1,200,3447,1,239,244,302,33,NA,NA,NA,NA,NA,NA,NA,81.36798216,0.465994962,1,29,465.5,3_T1,1.933091495,0.659062801,18,58,33
T1,High,High,3,255_28,255,3341.67,2,265,NA,NA,NA,NA,NA,NA,NA,NA,NA,NA,NA,NA,0,0,0,3_T1,NA,NA,NA,NA,NA
T1,High,High,3,211_13A,211,3121.58,1,223,NA,NA,NA,NA,NA,NA,NA,NA,NA,NA,NA,NA,0,0,0,3_T1,NA,NA,NA,NA,NA
T1,High,High,3,199_1,199,3502,2,257,237,301,219,NA,NA,NA,NA,NA,NA,NA,108.5769926,0.539379475,1,9,361.3,3_T1,2.94812253,0.746715054,29,64,219
T1,High,High,3,188_2,188,3126,1,223,NA,NA,NA,NA,NA,NA,NA,NA,NA,NA,81.65246983,0.509911894,0,0,0,3_T1,NA,0.82371198,NA,NA,NA
T1,High,High,3,194_2,194,3108,1,225,273,NA,84,NA,NA,NA,NA,NA,NA,NA,120.0091499,0.584158416,1,32,524.1,3_T1,2.178247734,0.685361217,33,NA,84
T1,High,High,3,50_1,50,2934,2,265,225,303,110,NA,NA,NA,NA,NA,NA,NA,88.56658808,0.514749263,1,29,487.47,3_T1,2.950091575,0.746841312,25,78,110
T1,High,High,3,212_7,212,3131,1,225,258,305,63,NA,NA,NA,NA,NA,NA,NA,115.4901476,0.468926554,1,20,353.51,3_T1,2.248633094,0.692178227,18,47,63
T1,High,High,3,270_26,270,2553,2,271,NA,NA,NA,NA,NA,NA,NA,NA,NA,NA,NA,NA,0,0,0,3_T1,NA,NA,NA,NA,NA
T1,High,High,3,257_2,257,2754.1728,1,230,NA,NA,NA,NA,NA,NA,NA,NA,NA,NA,NA,NA,0,0,0,3_T1,NA,NA,NA,NA,NA
T1,High,High,3,213_1,213,2789.81,1,223,NA,NA,NA,NA,NA,NA,NA,NA,NA,NA,NA,NA,0,0,0,3_T1,NA,NA,NA,NA,NA
T1,High,High,3,157_3,157,3004,1,225,278,294,32,NA,NA,NA,NA,NA,NA,NA,NA,NA,1,0,0,3_T1,NA,NA,38,16,32
T1,High,High,3,269_15,269,2800,1,230,NA,NA,NA,NA,NA,NA,NA,NA,NA,NA,NA,NA,0,0,0,3_T1,NA,NA,NA,NA,NA
T1,High,High,3,56_3,56,3132,2,257,NA,NA,NA,NA,NA,NA,NA,NA,NA,NA,NA,NA,0,0,0,3_T1,NA,NA,NA,NA,NA
T1,High,High,3,213_1,213,2789.81,1,223,NA,NA,NA,NA,NA,NA,NA,NA,NA,NA,NA,NA,0,0,0,3_T1,NA,NA,NA,NA,NA
T1,High,High,3,86_2,86,2880,1,229,NA,NA,NA,NA,NA,NA,NA,NA,NA,NA,173.6682088,0.463917526,0,0,0,3_T1,NA,NA,NA,NA,NA
T1,High,High,3,91_2,91,2910,1,225,NA,NA,NA,NA,NA,NA,NA,NA,NA,NA,NA,NA,0,0,0,3_T1,NA,NA,NA,NA,NA
T1,High,High,3,269_15,269,2800,1,230,NA,NA,NA,NA,NA,NA,NA,NA,NA,NA,NA,NA,0,0,0,3_T1,NA,NA,NA,NA,NA
T1,High,High,3,199_1,199,3502,1,239,257,297,81,NA,NA,NA,NA,NA,NA,NA,104.0049494,0.5,1,12,218,3_T1,2.166005666,0.684144596,31,40,81
T1,High,High,3,253_9,253,3460,2,250,253,269,205,NA,NA,NA,NA,NA,NA,NA,134.9899517,0.35483871,1,10,259.7,3_T1,1.663801994,0.624596722,38,16,205
T1,High,High,3,201_2,201,3352,1,225,NA,NA,NA,NA,NA,NA,NA,NA,NA,NA,NA,NA,0,0,0,3_T1,NA,NA,NA,NA,NA
T1,High,High,3,250_28,250,3133,1,239,NA,NA,NA,NA,NA,NA,NA,NA,NA,NA,NA,NA,0,0,0,3_T1,NA,NA,NA,NA,NA
T1,High,High,3,107_4,107,3091,1,244,NA,NA,NA,NA,NA,NA,NA,NA,NA,NA,76.04038474,0.47299509,0,0,0,3_T1,1.654165284,0.623233713,NA,NA,NA
T1,High,High,3,83_1,83,2994,1,239,NA,NA,NA,NA,NA,NA,NA,NA,NA,NA,NA,NA,0,0,0,3_T1,NA,NA,NA,NA,NA
T1,High,High,3,174_2,174,3252,1,239,NA,NA,NA,NA,NA,NA,NA,NA,NA,NA,NA,NA,0,0,0,3_T1,NA,NA,NA,NA,NA
T1,High,High,3,269_15,269,2800,1,225,NA,NA,NA,NA,NA,NA,NA,NA,NA,NA,NA,NA,0,0,0,3_T1,NA,NA,NA,NA,NA
T1,High,High,3,207_14B,207,3218.6,2,257,NA,NA,NA,NA,NA,NA,NA,NA,NA,NA,NA,NA,0,0,0,3_T1,NA,NA,NA,NA,NA
T1,High,High,3,253_9,253,3460,2,257,229,262,81,NA,NA,NA,NA,NA,NA,NA,120.3814724,0.392857143,1,15,319,3_T1,NA,0.855305466,21,33,81
T1,High,High,3,1_3,1,2989,1,225,NA,NA,NA,NA,NA,NA,NA,NA,NA,NA,NA,NA,0,0,0,3_T1,NA,NA,NA,NA,NA
T1,High,High,3,156_5,156,2996,1,232,NA,NA,NA,NA,NA,NA,NA,NA,NA,NA,NA,NA,0,0,0,3_T1,NA,NA,NA,NA,NA
T1,High,High,3,269_15,269,2800,1,230,253,262,133,NA,NA,NA,NA,NA,NA,NA,104.8747617,0.528455285,1,15,469.5,3_T1,3.286646586,0.766717414,18,9,133
T1,High,High,3,98_7,98,3011,1,223,NA,NA,NA,NA,NA,NA,NA,NA,NA,NA,NA,NA,0,0,0,3_T1,NA,NA,NA,NA,NA
T1,High,High,3,185_2,185,3411,2,257,NA,NA,NA,NA,NA,NA,NA,NA,NA,NA,89.01025289,0.551342812,0,0,0,3_T1,2.201520913,0.687648456,NA,NA,NA
T1,High,High,3,48_2,48,2951,1,225,NA,NA,NA,NA,NA,NA,NA,NA,NA,NA,NA,NA,0,0,0,3_T1,NA,NA,NA,NA,NA
T1,High,High,3,157_3,157,3004,2,257,NA,NA,NA,NA,NA,NA,NA,NA,NA,NA,NA,NA,0,0,0,3_T1,NA,NA,NA,NA,NA
T1,High,High,3,67_4,67,2903,1,223,NA,NA,NA,NA,NA,NA,NA,NA,NA,NA,NA,NA,0,0,0,3_T1,NA,NA,NA,NA,NA
T1,High,High,3,304_19A,304,3673,1,230,NA,NA,NA,NA,NA,NA,NA,NA,NA,NA,NA,NA,0,0,0,3_T1,NA,NA,NA,NA,NA
T1,High,High,3,91_2,91,2910,2,257,NA,NA,NA,NA,NA,NA,NA,NA,NA,NA,NA,NA,0,0,0,3_T1,NA,NA,NA,NA,NA
T1,High,High,3,267_12,267,2498.61,1,232,NA,NA,NA,NA,NA,NA,NA,NA,NA,NA,NA,NA,0,0,0,3_T1,NA,NA,NA,NA,NA
T1,High,High,3,273_37,273,2710,1,225,NA,NA,NA,NA,NA,NA,NA,NA,NA,NA,NA,NA,0,0,0,3_T1,NA,NA,NA,NA,NA
T1,High,High,3,98_7,98,3011,1,223,NA,NA,NA,NA,NA,NA,NA,NA,NA,NA,NA,NA,0,0,0,3_T1,NA,NA,NA,NA,NA
T1,High,High,3,67_4,67,2903,1,230,NA,NA,NA,NA,NA,NA,NA,NA,NA,NA,NA,NA,0,0,0,3_T1,NA,NA,NA,NA,NA
T1,High,High,3,209_5,209,2721.21,1,239,NA,NA,NA,NA,NA,NA,NA,NA,NA,NA,NA,NA,0,0,0,3_T1,NA,NA,NA,NA,NA
T1,High,High,4,50_1,50,2934,2,265,NA,NA,NA,NA,NA,NA,NA,NA,NA,NA,NA,NA,0,0,0,4_T1,NA,NA,NA,NA,NA
T1,High,High,4,267_12,267,2498.61,1,232,NA,NA,NA,NA,NA,NA,NA,NA,NA,NA,NA,NA,0,0,0,4_T1,NA,NA,NA,NA,NA
T1,High,High,4,91_2,91,2910,2,257,NA,NA,NA,NA,NA,NA,NA,NA,NA,NA,NA,NA,0,0,0,4_T1,NA,NA,NA,NA,NA
T1,High,High,4,102_5,102,3072,1,223,NA,NA,NA,NA,NA,NA,NA,NA,NA,NA,91.79345452,0.503246753,0,0,0,4_T1,2.946034342,0.746581019,NA,NA,NA
T1,High,High,4,194_2,194,3108,1,225,NA,NA,NA,NA,NA,NA,NA,NA,NA,NA,100.3586236,0.534562212,0,0,0,4_T1,1.7,0.62962963,NA,NA,NA
T1,High,High,4,46_3A,46,3009,2,257,NA,NA,NA,NA,NA,NA,NA,NA,NA,NA,NA,NA,0,0,0,4_T1,NA,NA,NA,NA,NA
T1,High,High,4,211_13A,211,3121.58,1,223,NA,NA,NA,NA,NA,NA,NA,NA,NA,NA,86.46337121,0.493765586,0,0,0,4_T1,2.055848261,0.672758621,NA,NA,NA
T1,High,High,4,212_7,212,3131,1,225,NA,NA,NA,NA,NA,NA,NA,NA,NA,NA,NA,NA,0,0,0,4_T1,NA,NA,NA,NA,NA
T1,High,High,4,257_2,257,2754.1728,1,230,NA,NA,NA,NA,NA,NA,NA,NA,NA,NA,NA,NA,0,0,0,4_T1,NA,NA,NA,NA,NA
T1,High,High,4,283_22,283,2890,1,225,260,278,102,NA,NA,NA,NA,NA,NA,NA,131.6220263,0.494444444,1,5,200.3,4_T1,2.197304273,0.687236523,20,18,102
T1,High,High,4,189_1,189,3273,2,271,NA,NA,NA,NA,NA,NA,NA,NA,NA,NA,NA,NA,0,0,0,4_T1,NA,NA,NA,NA,NA
T1,High,High,4,250_16,250,3133,2,257,NA,NA,NA,NA,NA,NA,NA,NA,NA,NA,NA,NA,0,0,0,4_T1,NA,NA,NA,NA,NA
T1,High,High,4,257_2,257,2754.1728,1,230,NA,NA,NA,NA,NA,NA,NA,NA,NA,NA,NA,NA,0,0,0,4_T1,NA,NA,NA,NA,NA
T1,High,High,4,273_18C,273,2710,2,257,NA,NA,NA,NA,NA,NA,NA,NA,NA,NA,NA,NA,0,0,0,4_T1,NA,NA,NA,NA,NA
T1,High,High,4,91_2,91,2910,2,257,NA,NA,NA,NA,NA,NA,NA,NA,NA,NA,90.8480845,0.419871795,0,0,0,4_T1,2.143223966,0.681855315,NA,NA,NA
T1,High,High,4,269_15,269,2800,1,230,253,328,66,NA,NA,NA,NA,NA,NA,NA,80.23104069,0.485294118,1,26,527.1,4_T1,2.131273331,0.680641102,18,75,66
T1,High,High,4,51_1,51,2929,1,230,NA,NA,NA,NA,NA,NA,NA,NA,NA,NA,NA,NA,0,0,0,4_T1,NA,NA,NA,NA,NA
T1,High,High,4,48_2,48,2951,1,225,NA,NA,NA,NA,NA,NA,NA,NA,NA,NA,NA,NA,0,0,0,4_T1,NA,NA,NA,NA,NA
T1,High,High,4,250_16,250,3133,2,257,NA,NA,NA,NA,NA,NA,NA,NA,NA,NA,87.82902618,0.51233672,0,0,0,4_T1,2.213877551,0.688849378,NA,NA,NA
T1,High,High,4,199_1,199,3502,1,239,277,356,102,NA,NA,NA,NA,NA,NA,NA,130.4662107,0.467680608,1,12,353.8,4_T1,3.293485136,0.767088981,51,79,102
T1,High,High,4,253_9,253,3460,2,257,NA,NA,NA,NA,NA,NA,NA,NA,NA,NA,NA,NA,0,0,0,4_T1,NA,NA,NA,NA,NA
T1,High,High,4,49_2,49,2935,1,223,278,351,92,NA,NA,NA,NA,NA,NA,NA,122.9742821,0.618867925,1,28,531.9,4_T1,2.603690037,0.722506656,36,73,92
T1,High,High,4,102_5,102,3072,1,223,280,318,72,55,31,NA,NA,NA,NA,NA,96.05014959,0.598765432,1,10,214.2,4_T1,1.05962632,0.514475034,38,38,158
T1,High,High,4,185_2,185,3411,2,257,NA,NA,NA,NA,NA,NA,NA,NA,NA,NA,NA,NA,0,0,0,4_T1,NA,NA,NA,NA,NA
T1,High,High,4,83_1,83,2994,2,254,NA,NA,NA,NA,NA,NA,NA,NA,NA,NA,130.5597126,0.537383178,0,0,0,4_T1,4.72168906,0.825226434,NA,NA,NA
T1,High,High,4,67_4,67,2903,1,230,NA,NA,NA,NA,NA,NA,NA,NA,NA,NA,NA,NA,0,0,0,4_T1,NA,NA,NA,NA,NA
T1,High,High,4,66_4,66,2940,1,223,NA,NA,NA,NA,NA,NA,NA,NA,NA,NA,83.33742434,0.518939394,0,0,0,4_T1,0.845123258,0.458030787,NA,NA,NA
T1,High,High,4,66_4,66,2940,1,223,NA,NA,NA,NA,NA,NA,NA,NA,NA,NA,94.27225793,0.495945946,0,0,0,4_T1,1.163307853,0.537744941,NA,NA,NA
T1,High,High,4,56_3,56,3132,2,257,NA,NA,NA,NA,NA,NA,NA,NA,NA,NA,NA,NA,0,0,0,4_T1,NA,NA,NA,NA,NA
T1,High,High,4,56_3,56,3132,2,257,NA,NA,NA,NA,NA,NA,NA,NA,NA,NA,NA,NA,0,0,0,4_T1,NA,NA,NA,NA,NA
T1,High,High,4,214_7,214,2693.59,2,257,NA,NA,NA,NA,NA,NA,NA,NA,NA,NA,NA,NA,0,0,0,4_T1,NA,NA,NA,NA,NA
T1,High,High,4,185_2,185,3411,2,257,241,294,108,NA,NA,NA,NA,NA,NA,NA,91.96423775,0.58974359,1,7,246.3,4_T1,2.244404332,0.691777011,33,53,108
T1,High,High,4,255_28,255,3341.67,1,229,NA,NA,NA,NA,NA,NA,NA,NA,NA,NA,NA,NA,0,0,0,4_T1,NA,NA,NA,NA,NA
T1,High,High,4,106_6,106,2925,1,239,264,319,108,NA,NA,NA,NA,NA,NA,NA,88.47266272,0.596491228,1,20,288.8,4_T1,1.066835676,0.516168599,38,55,108
T1,High,High,4,91_2,91,2910,2,257,239,301,303,NA,NA,NA,NA,NA,NA,NA,99.67460905,0.5708061,1,25,681.2,4_T1,3.645181876,0.784723176,31,62,303
T1,High,High,4,212_7,212,3131,1,225,NA,NA,NA,NA,NA,NA,NA,NA,NA,NA,NA,NA,0,0,0,4_T1,NA,NA,NA,NA,NA
T1,High,High,4,56_3,56,3132,2,265,NA,NA,NA,NA,NA,NA,NA,NA,NA,NA,NA,NA,0,0,0,4_T1,NA,NA,NA,NA,NA
T1,High,High,4,269_15,269,2800,1,230,NA,NA,NA,NA,NA,NA,NA,NA,NA,NA,NA,NA,0,0,0,4_T1,NA,NA,NA,NA,NA
T1,High,High,4,214_7,214,2693.59,2,257,246,NA,345,NA,NA,NA,NA,NA,NA,NA,141.3075196,0.595317726,1,25,711.3,4_T1,1.102739726,0.524429967,38,NA,345
T1,High,High,4,303_8,303,3570,1,225,262,NA,37,NA,NA,NA,NA,NA,NA,NA,112.4242548,0.51396648,1,21,339.7,4_T1,1.337671233,0.57222385,22,NA,37
T1,High,High,4,157_3,157,3004,2,257,NA,NA,NA,NA,NA,NA,NA,NA,NA,NA,NA,NA,0,0,0,4_T1,NA,NA,NA,NA,NA
T1,High,High,4,207_14B,207,3218.6,2,257,NA,NA,NA,NA,NA,NA,NA,NA,NA,NA,NA,NA,0,0,0,4_T1,NA,NA,NA,NA,NA
T1,High,High,4,151_3,151,2975,1,232,258,325,64,NA,NA,NA,NA,NA,NA,NA,103.0211994,0.513196481,1,34,739.7,4_T1,1.921177267,0.657672264,25,67,64
T1,High,High,4,157_3,157,3004,2,257,NA,NA,NA,NA,NA,NA,NA,NA,NA,NA,NA,NA,0,0,0,4_T1,NA,NA,NA,NA,NA
T1,High,High,4,213_1,213,2789.81,1,223,NA,NA,NA,NA,NA,NA,NA,NA,NA,NA,NA,NA,0,0,0,4_T1,NA,NA,NA,NA,NA
T1,High,High,4,283_22,283,2890,1,225,258,306,158,NA,NA,NA,NA,NA,NA,NA,214.8484848,0.297297297,1,24,656.7,4_T1,1.777636595,0.639981702,18,48,158
T1,High,High,4,51_1,51,2929,1,225,NA,NA,NA,NA,NA,NA,NA,NA,NA,NA,NA,NA,0,0,0,4_T1,NA,NA,NA,NA,NA
T1,High,High,4,188_2,188,3126,1,223,357,NA,306,NA,NA,NA,NA,NA,NA,NA,76.71292749,0.505428227,1,0,0,4_T1,1.279420072,0.561291921,115,NA,306
T1,High,High,4,67_4,67,2903,1,230,NA,NA,NA,NA,NA,NA,NA,NA,NA,NA,NA,NA,0,0,0,4_T1,NA,NA,NA,NA,NA
T1,High,High,4,270_10,270,2553,1,225,NA,NA,NA,NA,NA,NA,NA,NA,NA,NA,NA,NA,0,0,0,4_T1,NA,NA,NA,NA,NA
T1,High,High,4,188_2,188,3126,1,223,NA,NA,NA,NA,NA,NA,NA,NA,NA,NA,83.36818617,0.468809074,0,0,0,4_T1,1.352956846,0.57500283,NA,NA,NA
T1,High,High,4,56_3,56,3132,2,265,219,262,117,NA,NA,NA,NA,NA,NA,NA,204.8387097,0.402597403,1,14,410.7,4_T1,3.140999316,0.758512397,19,43,117
T1,High,High,4,188_2,188,3126,1,223,NA,NA,NA,NA,NA,NA,NA,NA,NA,NA,77.2844515,0.432601881,0,0,0,4_T1,0.893866084,0.471979562,NA,NA,NA
T1,High,High,4,106_6,106,2925,1,239,NA,NA,NA,NA,NA,NA,NA,NA,NA,NA,NA,NA,0,0,0,4_T1,NA,NA,NA,NA,NA
T1,High,High,4,199_1,199,3502,1,239,NA,NA,NA,NA,NA,NA,NA,NA,NA,NA,NA,NA,0,0,0,4_T1,NA,NA,NA,NA,NA
T1,High,High,4,262_3,262,2717.292,1,232,NA,NA,NA,NA,NA,NA,NA,NA,NA,NA,NA,NA,0,0,0,4_T1,NA,NA,NA,NA,NA
T1,High,High,4,162_2,162,3055,1,232,NA,NA,NA,NA,NA,NA,NA,NA,NA,NA,NA,NA,0,0,0,4_T1,NA,NA,NA,NA,NA
T1,High,High,5,107_4,107,3091,1,225,NA,NA,NA,NA,NA,NA,NA,NA,NA,NA,124.5945795,0.381944444,0,0,0,5_T1,1.028381118,0.506996002,NA,NA,NA
T1,High,High,5,257_2,257,2754.1728,1,232,NA,NA,NA,NA,NA,NA,NA,NA,NA,NA,105.8970056,0.337962963,0,0,0,5_T1,1.755646817,0.637108793,NA,NA,NA
T1,High,High,5,250_16,250,3133,2,257,NA,NA,NA,NA,NA,NA,NA,NA,NA,NA,95.45846021,0.419161677,0,0,0,5_T1,1.313164894,0.567691865,NA,NA,NA
T1,High,High,5,83_1,83,2994,2,254,NA,NA,NA,NA,NA,NA,NA,NA,NA,NA,NA,NA,0,0,0,5_T1,NA,NA,NA,NA,NA
T1,High,High,5,86_2,86,2880,2,257,NA,NA,NA,NA,NA,NA,NA,NA,NA,NA,NA,NA,0,0,0,5_T1,NA,NA,NA,NA,NA
T1,High,High,5,210_3,210,3161.3,2,257,NA,NA,NA,NA,NA,NA,NA,NA,NA,NA,NA,NA,0,0,0,5_T1,NA,NA,NA,NA,NA
T1,High,High,5,66_4,66,2940,1,223,NA,NA,NA,NA,NA,NA,NA,NA,NA,NA,90.78273831,0.396475771,0,0,0,5_T1,1.725661145,0.633116537,NA,NA,NA
T1,High,High,5,207_14B,207,3218.6,2,257,NA,NA,NA,NA,NA,NA,NA,NA,NA,NA,92.14196049,0.397526502,0,0,0,5_T1,2.110942825,0.678554041,NA,NA,NA
T1,High,High,5,212_7,212,3131,1,229,250,302,71,NA,NA,NA,NA,NA,NA,NA,113.2563611,0.286975717,1,21,476.5,5_T1,NA,1,14,52,71
T1,High,High,5,303_8,303,3570,1,225,271,336,56,NA,NA,NA,NA,NA,NA,NA,108.2631883,0.387012987,1,10,164.54,5_T1,1.798534799,0.642670157,31,65,56
T1,High,High,5,214_7,214,2693.59,2,257,NA,NA,NA,NA,NA,NA,NA,NA,NA,NA,NA,NA,0,0,0,5_T1,NA,NA,NA,NA,NA
T1,High,High,5,107_4,107,3091,1,244,NA,NA,NA,NA,NA,NA,NA,NA,NA,NA,NA,NA,0,0,0,5_T1,NA,NA,NA,NA,NA
T1,High,High,5,304_19A,304,3673,1,225,NA,NA,NA,NA,NA,NA,NA,NA,NA,NA,NA,NA,0,0,0,5_T1,NA,NA,NA,NA,NA
T1,High,High,5,199_1,199,3502,1,239,NA,NA,NA,NA,NA,NA,NA,NA,NA,NA,93.96214,0.329113924,0,0,0,5_T1,3.259284732,0.765218795,NA,NA,NA
T1,High,High,5,194_2,194,3108,1,225,NA,NA,NA,NA,NA,NA,NA,NA,NA,NA,101.1823692,0.426966292,0,0,0,5_T1,0.815721649,0.449254791,NA,NA,NA
T1,High,High,5,194_2,194,3108,1,232,NA,NA,NA,NA,NA,NA,NA,NA,NA,NA,NA,NA,0,0,0,5_T1,NA,NA,NA,NA,NA
T1,High,High,5,185_2,185,3411,2,257,NA,NA,NA,NA,NA,NA,NA,NA,NA,NA,NA,NA,0,0,0,5_T1,NA,NA,NA,NA,NA
T1,High,High,5,253_9,253,3460,2,257,226,287,83,NA,NA,NA,NA,NA,NA,NA,152.5881188,0.295857988,1,24,588.99,5_T1,1.454018547,0.592505117,18,61,83
T1,High,High,5,212_7,212,3131,1,229,NA,NA,NA,NA,NA,NA,NA,NA,NA,NA,NA,NA,0,0,0,5_T1,NA,NA,NA,NA,NA
T1,High,High,5,255_28,255,3341.67,1,229,294,296,229,241,NA,NA,NA,NA,NA,NA,154.1885469,0.298342541,1,13,183.8,5_T1,NA,1,58,2,470
T1,High,High,5,207_14B,207,3218.6,2,257,NA,NA,NA,NA,NA,NA,NA,NA,NA,NA,NA,NA,0,0,0,5_T1,NA,NA,NA,NA,NA
T1,High,High,5,48_2,48,2951,1,225,NA,NA,NA,NA,NA,NA,NA,NA,NA,NA,NA,NA,0,0,0,5_T1,NA,NA,NA,NA,NA
T1,High,High,5,255_28,255,3341.67,1,229,NA,NA,NA,NA,NA,NA,NA,NA,NA,NA,NA,NA,0,0,0,5_T1,NA,NA,NA,NA,NA
T1,High,High,5,188_2,188,3126,1,223,NA,NA,NA,NA,NA,NA,NA,NA,NA,NA,86.46025489,0.430127042,0,0,0,5_T1,1.733688415,0.634193863,NA,NA,NA
T1,High,High,5,211_13A,211,3121.58,1,223,NA,NA,NA,NA,NA,NA,NA,NA,NA,NA,103.9516379,0.374617737,0,0,0,5_T1,1.362126246,0.576652602,NA,NA,NA
T1,High,High,5,49_2,49,2935,1,223,NA,NA,NA,NA,NA,NA,NA,NA,NA,NA,NA,NA,0,0,0,5_T1,NA,NA,NA,NA,NA
T1,High,High,5,328_2,328,3660,1,225,NA,NA,NA,NA,NA,NA,NA,NA,NA,NA,NA,NA,0,0,0,5_T1,NA,NA,NA,NA,NA
T1,High,High,5,273_37,273,2710,1,239,NA,NA,NA,NA,NA,NA,NA,NA,NA,NA,184.5702615,0.305343511,0,0,0,5_T1,3.594240838,0.782336182,NA,NA,NA
T1,High,High,5,49_2,49,2935,1,230,NA,NA,NA,NA,NA,NA,NA,NA,NA,NA,92.87213102,0.422427035,0,0,0,5_T1,2.595360825,0.721863799,NA,NA,NA
T1,High,High,5,267_12,267,2498.61,1,232,NA,NA,NA,NA,NA,NA,NA,NA,NA,NA,NA,NA,0,0,0,5_T1,NA,NA,NA,NA,NA
T1,High,High,5,250_16,250,3133,2,257,241,266,106,NA,NA,NA,NA,NA,NA,NA,NA,NA,1,5,134.7,5_T1,1.588093323,0.613615169,33,25,106
T1,High,High,5,83_1,83,2994,2,271,NA,NA,NA,NA,NA,NA,NA,NA,NA,NA,NA,NA,0,0,0,5_T1,NA,NA,NA,NA,NA
T1,High,High,5,262_3,262,2717.292,1,239,NA,NA,NA,NA,NA,NA,NA,NA,NA,NA,NA,NA,0,0,0,5_T1,NA,NA,NA,NA,NA
T1,High,High,5,199_1,199,3502,2,257,NA,NA,NA,NA,NA,NA,NA,NA,NA,NA,97.05581607,0.377094972,0,0,0,5_T1,3.623749166,0.783725292,NA,NA,NA
T1,High,High,5,98_7,98,3011,1,223,NA,NA,NA,NA,NA,NA,NA,NA,NA,NA,NA,NA,0,0,0,5_T1,NA,NA,NA,NA,NA
T1,High,High,5,270_10,270,2553,1,225,NA,NA,NA,NA,NA,NA,NA,NA,NA,NA,NA,NA,0,0,0,5_T1,NA,NA,NA,NA,NA
T1,High,High,5,257_2,257,2754.1728,1,230,NA,NA,NA,NA,NA,NA,NA,NA,NA,NA,NA,NA,0,0,0,5_T1,NA,NA,NA,NA,NA
T1,High,High,5,255_28,255,3341.67,1,229,254,287,142,NA,NA,NA,NA,NA,NA,NA,135.6055435,0.369047619,1,4,172,5_T1,3.227655987,0.763462306,18,33,142
T1,High,High,5,107_4,107,3091,1,229,NA,NA,NA,NA,NA,NA,NA,NA,NA,NA,121.2588358,0.354651163,0,0,0,5_T1,0.725799574,0.420558438,NA,NA,NA
T1,High,High,5,49_2,49,2935,1,230,NA,NA,NA,NA,NA,NA,NA,NA,NA,NA,NA,NA,0,0,0,5_T1,NA,NA,NA,NA,NA
T1,High,High,5,250_28,250,3133,1,229,NA,267,NA,NA,NA,NA,NA,NA,NA,NA,108.8467475,0.332075472,1,3,111,5_T1,0.62279715,0.383780037,NA,NA,NA
T1,High,High,5,156_5,156,2996,1,239,247,335,200,NA,NA,NA,NA,NA,NA,NA,67.46471932,0.38225256,1,10,536.9,5_T1,1.010421962,0.502591984,21,88,200
T1,High,High,5,283_22,283,2890,1,244,254,324,287,NA,NA,NA,NA,NA,NA,NA,142.60231,0.308108108,1,15,373.2,5_T1,1.248483097,0.555255718,33,70,287
T1,High,High,5,328_2,328,3660,1,225,NA,NA,NA,NA,NA,NA,NA,NA,NA,NA,NA,NA,0,0,0,5_T1,NA,NA,NA,NA,NA
T1,High,High,5,201_2,201,3352,1,225,NA,NA,NA,NA,NA,NA,NA,NA,NA,NA,NA,NA,0,0,0,5_T1,NA,NA,NA,NA,NA
T1,High,High,5,328_2,328,3660,1,225,NA,NA,NA,NA,NA,NA,NA,NA,NA,NA,NA,NA,0,0,0,5_T1,NA,NA,NA,NA,NA
T1,High,High,5,156_5,156,2996,1,239,NA,NA,NA,NA,NA,NA,NA,NA,NA,NA,NA,NA,0,0,0,5_T1,NA,NA,NA,NA,NA
T1,High,High,5,188_2,188,3126,1,223,NA,NA,NA,NA,NA,NA,NA,NA,NA,NA,NA,NA,0,0,0,5_T1,1.022652194,0.505599627,NA,NA,NA
T1,High,High,5,213_1,213,2789.81,1,223,276,367,173,NA,NA,NA,NA,NA,NA,NA,141.7157453,0.331147541,1,39,846.5,5_T1,1.018244406,0.50451987,34,91,173
T1,High,High,5,270_10,270,2553,1,239,NA,NA,NA,NA,NA,NA,NA,NA,NA,NA,NA,NA,0,0,0,5_T1,NA,NA,NA,NA,NA
T1,High,High,6,211_13A,211,3121.58,1,223,264,308,76,NA,NA,NA,NA,NA,NA,NA,109.1997405,0.403225806,1,7,242.7,6_T1,1.339416058,0.572542902,22,44,76
T1,High,High,6,303_8,303,3570,1,225,NA,NA,NA,NA,NA,NA,NA,NA,NA,NA,119.210235,0.380704042,0,0,0,6_T1,1.603456553,0.615895261,NA,NA,NA
T1,High,High,6,273_37,273,2710,1,239,NA,NA,NA,NA,NA,NA,NA,NA,NA,NA,NA,NA,0,0,0,6_T1,NA,NA,NA,NA,NA
T1,High,High,6,91_2,91,2910,2,257,NA,NA,NA,NA,NA,NA,NA,NA,NA,NA,NA,NA,0,0,0,6_T1,NA,NA,NA,NA,NA
T1,High,High,6,98_7,98,3011,1,223,271,345,188,58,57,44,33,144,NA,NA,NA,NA,1,19,219.1,6_T1,0.689209165,0.408007001,29,74,524
T1,High,High,6,250_16,250,3133,2,257,NA,NA,NA,NA,NA,NA,NA,NA,NA,NA,157.1131556,0.303135889,0,0,0,6_T1,2.353861193,0.701836199,NA,NA,NA
T1,High,High,6,98_7,98,3011,1,223,NA,NA,NA,NA,NA,NA,NA,NA,NA,NA,NA,NA,0,0,0,6_T1,NA,NA,NA,NA,NA
T1,High,High,6,98_7,98,3011,1,223,NA,NA,NA,NA,NA,NA,NA,NA,NA,NA,118.0344683,0.354166667,0,0,0,6_T1,1.964140179,0.662634039,NA,NA,NA
T1,High,High,6,157_3,157,3004,2,257,NA,NA,NA,NA,NA,NA,NA,NA,NA,NA,NA,NA,0,0,0,6_T1,NA,NA,NA,NA,NA
T1,High,High,6,213_1,213,2789.81,1,223,NA,NA,NA,NA,NA,NA,NA,NA,NA,NA,NA,NA,0,0,0,6_T1,NA,NA,NA,NA,NA
T1,High,High,6,262_3,262,2717.292,1,239,NA,NA,NA,NA,NA,NA,NA,NA,NA,NA,NA,NA,0,0,0,6_T1,NA,NA,NA,NA,NA
T1,High,High,6,102_5,102,3072,1,223,280,367,77,NA,NA,NA,NA,NA,NA,NA,141.540533,0.281155015,1,21,545.21,6_T1,2.792427007,0.736316613,38,87,77
T1,High,High,6,158_2,158,3004,1,225,NA,NA,NA,NA,NA,NA,NA,NA,NA,NA,NA,NA,0,0,0,6_T1,NA,NA,NA,NA,NA
T1,High,High,6,273_37,273,2710,1,239,NA,NA,NA,NA,NA,NA,NA,NA,NA,NA,NA,NA,0,0,0,6_T1,NA,NA,NA,NA,NA
T1,High,High,6,91_2,91,2910,2,257,NA,NA,NA,NA,NA,NA,NA,NA,NA,NA,NA,NA,0,0,0,6_T1,NA,NA,NA,NA,NA
T1,High,High,6,199_1,199,3502,2,257,259,274,57,NA,NA,NA,NA,NA,NA,NA,101.8115884,0.407002188,1,4,38.63,6_T1,2.847560976,0.740095087,51,15,57
T1,High,High,6,194_2,194,3108,1,232,NA,NA,NA,NA,NA,NA,NA,NA,NA,NA,NA,NA,0,0,0,6_T1,NA,NA,NA,NA,NA
T1,High,High,6,273_18C,273,2710,2,257,NA,NA,NA,NA,NA,NA,NA,NA,NA,NA,NA,NA,0,0,0,6_T1,NA,NA,NA,NA,NA
T1,High,High,6,48_2,48,2951,1,225,NA,NA,NA,NA,NA,NA,NA,NA,NA,NA,NA,NA,0,0,0,6_T1,NA,NA,NA,NA,NA
T1,High,High,6,267_12,267,2498.61,1,232,NA,NA,NA,NA,NA,NA,NA,NA,NA,NA,NA,NA,0,0,0,6_T1,NA,NA,NA,NA,NA
T1,High,High,6,283_22,283,2890,1,225,NA,NA,NA,NA,NA,NA,NA,NA,NA,NA,67.92079208,0.192380952,0,0,0,6_T1,2.690296339,0.729019052,NA,NA,NA
T1,High,High,6,185_2,185,3411,2,257,NA,NA,NA,NA,NA,NA,NA,NA,NA,NA,NA,NA,0,0,0,6_T1,NA,NA,NA,NA,NA
T1,High,High,6,211_13A,211,3121.58,1,232,NA,NA,NA,NA,NA,NA,NA,NA,NA,NA,82.30073977,0.412667946,0,0,0,6_T1,1.878001921,0.652536716,NA,NA,NA
T1,High,High,6,157_3,157,3004,2,257,NA,NA,NA,NA,NA,NA,NA,NA,NA,NA,NA,NA,0,0,0,6_T1,NA,NA,NA,NA,NA
T1,High,High,6,270_10,270,2553,1,239,NA,NA,NA,NA,NA,NA,NA,NA,NA,NA,NA,NA,0,0,0,6_T1,NA,NA,NA,NA,NA
T1,High,High,6,157_3,157,3004,2,257,NA,NA,NA,NA,NA,NA,NA,NA,NA,NA,NA,NA,0,0,0,6_T1,NA,NA,NA,NA,NA
T1,High,High,6,162_2,162,3055,1,232,NA,NA,NA,NA,NA,NA,NA,NA,NA,NA,NA,NA,0,0,0,6_T1,NA,NA,NA,NA,NA
T1,High,High,6,188_2,188,3126,1,223,NA,NA,NA,NA,NA,NA,NA,NA,NA,NA,69.01317241,0.454960091,0,0,0,6_T1,2.610151753,0.723003334,NA,NA,NA
T1,High,High,6,270_10,270,2553,1,239,NA,NA,NA,NA,NA,NA,NA,NA,NA,NA,NA,NA,0,0,0,6_T1,NA,NA,NA,NA,NA
T1,High,High,6,162_2,162,3055,2,254,256,336,192,NA,NA,NA,NA,NA,NA,NA,121.976971,0.445121951,1,0,0,6_T1,1.178937558,0.541060736,45,80,192
T1,High,High,6,211_13A,211,3121.58,1,225,NA,NA,NA,NA,NA,NA,NA,NA,NA,NA,NA,NA,0,0,0,6_T1,NA,NA,NA,NA,NA
T1,High,High,6,162_2,162,3055,2,254,NA,NA,NA,NA,NA,NA,NA,NA,NA,NA,NA,NA,0,0,0,6_T1,NA,NA,NA,NA,NA
T1,High,High,6,66_4,66,2940,1,223,NA,NA,NA,NA,NA,NA,NA,NA,NA,NA,NA,NA,0,0,0,6_T1,NA,NA,NA,NA,NA
T1,High,High,6,213_1,213,2789.81,1,223,266,357,110,NA,NA,NA,NA,NA,NA,NA,111.3656985,0.553571429,1,20,291.7,6_T1,1.675977654,0.626304802,24,91,110
T1,High,High,6,107_4,107,3091,1,229,NA,NA,NA,NA,NA,NA,NA,NA,NA,NA,NA,NA,0,0,0,6_T1,1.77486911,0.639622642,NA,NA,NA
T1,High,High,6,273_18C,273,2710,2,257,NA,NA,NA,NA,NA,NA,NA,NA,NA,NA,NA,NA,0,0,0,6_T1,NA,NA,NA,NA,NA
T1,High,High,6,102_5,102,3072,1,223,275,316,90,NA,NA,NA,NA,NA,NA,NA,100.1703274,0.372212693,1,24,478.8,6_T1,1.857109719,0.649995941,33,41,90
T1,High,High,6,304_19A,304,3673,1,230,NA,NA,NA,NA,NA,NA,NA,NA,NA,NA,NA,NA,0,0,0,6_T1,NA,NA,NA,NA,NA
T1,High,High,6,283_22,283,2890,1,225,NA,NA,NA,NA,NA,NA,NA,NA,NA,NA,NA,NA,0,0,0,6_T1,NA,NA,NA,NA,NA
T1,High,High,6,83_1,83,2994,2,254,NA,NA,NA,NA,NA,NA,NA,NA,NA,NA,118.7887134,0.411949686,0,0,0,6_T1,2.621179039,0.72384685,NA,NA,NA
T1,High,High,6,214_7,214,2693.59,2,257,239,274,323,NA,NA,NA,NA,NA,NA,NA,110.6470893,0.433884298,1,21,653.25,6_T1,0.913907285,0.477508651,31,35,323
T1,High,High,6,304_19A,304,3673,1,230,251,293,88,NA,NA,NA,NA,NA,NA,NA,111.7936338,0.331337325,1,13,323.9,6_T1,2.233128834,0.690702087,16,42,88
T1,High,High,6,66_4,66,2940,1,223,NA,NA,NA,NA,NA,NA,NA,NA,NA,NA,112.8060161,0.407920792,0,0,0,6_T1,2.481069042,0.712731926,NA,NA,NA
T1,High,High,6,98_7,98,3011,1,230,NA,NA,NA,NA,NA,NA,NA,NA,NA,NA,NA,NA,0,0,0,6_T1,NA,NA,NA,NA,NA
T1,High,High,6,185_2,185,3411,2,257,NA,NA,NA,NA,NA,NA,NA,NA,NA,NA,NA,NA,0,0,0,6_T1,NA,NA,NA,NA,NA
T1,High,High,6,273_18C,273,2710,2,257,NA,NA,NA,NA,NA,NA,NA,NA,NA,NA,NA,NA,0,0,0,6_T1,NA,NA,NA,NA,NA
T1,High,High,6,303_8,303,3570,1,225,NA,NA,NA,NA,NA,NA,NA,NA,NA,NA,NA,NA,0,0,0,6_T1,NA,NA,NA,NA,NA
T1,High,High,6,273_18C,273,2710,2,257,NA,NA,NA,NA,NA,NA,NA,NA,NA,NA,NA,NA,0,0,0,6_T1,NA,NA,NA,NA,NA
T1,High,High,7,86_2,86,2880,2,257,NA,NA,NA,NA,NA,NA,NA,NA,NA,NA,NA,NA,0,0,0,7_T1,NA,NA,NA,NA,NA
T1,High,High,7,328_2,328,3660,1,225,262,278,156,NA,NA,NA,NA,NA,NA,NA,78.69757296,0.413043478,1,3,149.9,7_T1,3.305718867,0.767750745,22,16,156
T1,High,High,7,214_7,214,2693.59,2,257,NA,NA,NA,NA,NA,NA,NA,NA,NA,NA,NA,NA,0,0,0,7_T1,NA,NA,NA,NA,NA
T1,High,High,7,49_2,49,2935,1,230,NA,NA,NA,NA,NA,NA,NA,NA,NA,NA,NA,NA,0,0,0,7_T1,NA,NA,NA,NA,NA
T1,High,High,7,201_2,201,3352,1,229,NA,NA,NA,NA,NA,NA,NA,NA,NA,NA,NA,NA,0,0,0,7_T1,NA,NA,NA,NA,NA
T1,High,High,7,210_3,210,3161.3,2,257,230,246,31,NA,NA,NA,NA,NA,NA,NA,100.4268949,0.428571429,1,7,201.6,7_T1,1.411101083,0.585251731,22,16,31
T1,High,High,7,107_4,107,3091,1,244,NA,NA,NA,NA,NA,NA,NA,NA,NA,NA,99.07095352,0.5,0,0,0,7_T1,1.343650432,0.573315207,NA,NA,NA
T1,High,High,7,66_4,66,2940,1,223,NA,NA,NA,NA,NA,NA,NA,NA,NA,NA,93.49471777,0.383697813,0,0,0,7_T1,1.586975914,0.613448276,NA,NA,NA
T1,High,High,7,48_2,48,2951,1,225,264,326,131,NA,NA,NA,NA,NA,NA,NA,78.82520246,0.436115843,1,24,595.8,7_T1,1.937337493,0.659555634,24,62,131
T1,High,High,7,255_28,255,3341.67,1,239,NA,NA,NA,NA,NA,NA,NA,NA,NA,NA,NA,NA,0,0,0,7_T1,NA,NA,NA,NA,NA
T1,High,High,7,86_2,86,2880,2,257,NA,NA,NA,NA,NA,NA,NA,NA,NA,NA,NA,NA,0,0,0,7_T1,NA,NA,NA,NA,NA
T1,High,High,7,255_28,255,3341.67,1,239,NA,NA,NA,NA,NA,NA,NA,NA,NA,NA,NA,NA,0,0,0,7_T1,NA,NA,NA,NA,NA
T1,High,High,7,255_28,255,3341.67,1,239,247,341,184,NA,NA,NA,NA,NA,NA,NA,285.2687802,0.240816327,1,6,272.6,7_T1,2.133035714,0.680820747,21,94,184
T1,High,High,7,157_3,157,3004,2,257,230,288,179,NA,NA,NA,NA,NA,NA,NA,113.8891167,0.459330144,1,14,448.5,7_T1,1.540248514,0.606337729,22,58,179
T1,High,High,7,185_2,185,3411,2,257,230,300,110,NA,NA,NA,NA,NA,NA,NA,156.4540849,0.342975207,1,22,224,7_T1,1.186817473,0.542714464,22,70,110
T1,High,High,7,283_22,283,2890,1,225,NA,NA,NA,NA,NA,NA,NA,NA,NA,NA,NA,NA,0,0,0,7_T1,NA,NA,NA,NA,NA
T1,High,High,7,86_2,86,2880,1,229,NA,NA,NA,NA,NA,NA,NA,NA,NA,NA,NA,NA,0,0,0,7_T1,NA,NA,NA,NA,NA
T1,High,High,7,273_18C,273,2710,2,257,NA,NA,NA,NA,NA,NA,NA,NA,NA,NA,NA,NA,0,0,0,7_T1,NA,NA,NA,NA,NA
T1,High,High,7,211_13A,211,3121.58,1,225,294,306,224,NA,NA,NA,NA,NA,NA,NA,127.5101394,0.434977578,1,10,298,7_T1,1.919117647,0.65743073,54,12,224
T1,High,High,7,185_2,185,3411,2,257,230,253,151,NA,NA,NA,NA,NA,NA,NA,117.9696321,0.45021645,1,3,167.2,7_T1,1.6556,0.623437265,22,23,151
T1,High,High,7,83_1,83,2994,2,254,NA,NA,NA,NA,NA,NA,NA,NA,NA,NA,NA,NA,0,0,0,7_T1,NA,NA,NA,NA,NA
T1,High,High,7,188_2,188,3126,1,223,NA,NA,NA,NA,NA,NA,NA,NA,NA,NA,NA,NA,0,0,0,7_T1,NA,NA,NA,NA,NA
T1,High,High,7,83_1,83,2994,2,254,NA,NA,NA,NA,NA,NA,NA,NA,NA,NA,NA,NA,0,0,0,7_T1,NA,NA,NA,NA,NA
T1,High,High,7,98_7,98,3011,2,254,NA,NA,NA,NA,NA,NA,NA,NA,NA,NA,84.05132661,0.39524838,0,0,0,7_T1,1.85154185,0.649312529,NA,NA,NA
T1,High,High,7,214_7,214,2693.59,2,257,251,NA,248,NA,NA,NA,NA,NA,NA,NA,105.5656135,0.551515152,1,0,0,7_T1,1.491621783,0.598654978,43,NA,248
T1,High,High,7,48_2,48,2951,1,225,NA,NA,NA,NA,NA,NA,NA,NA,NA,NA,NA,NA,0,0,0,7_T1,NA,NA,NA,NA,NA
T1,High,High,7,250_16,250,3133,2,257,230,234,115,NA,NA,NA,NA,NA,NA,NA,103.7188455,0.533333333,1,8,348.3,7_T1,2.243350311,0.691676845,22,4,115
T1,High,High,7,66_4,66,2940,1,223,NA,NA,NA,NA,NA,NA,NA,NA,NA,NA,NA,NA,0,0,0,7_T1,NA,NA,NA,NA,NA
T1,High,High,7,49_2,49,2935,1,230,257,327,107,NA,NA,NA,NA,NA,NA,NA,142.9253287,0.442307692,1,14,397.7,7_T1,3.313043478,0.768145161,22,70,107
T1,High,High,7,49_2,49,2935,1,230,NA,NA,NA,NA,NA,NA,NA,NA,NA,NA,NA,NA,0,0,0,7_T1,NA,NA,NA,NA,NA
T1,High,High,7,304_19A,304,3673,1,230,NA,NA,NA,NA,NA,NA,NA,NA,NA,NA,155.5863709,0.419642857,0,0,0,7_T1,NA,NA,NA,NA,NA
T1,High,High,7,255_28,255,3341.67,1,239,NA,NA,NA,NA,NA,NA,NA,NA,NA,NA,NA,NA,0,0,0,7_T1,NA,NA,NA,NA,NA
T1,High,High,7,250_16,250,3133,2,257,NA,NA,NA,NA,NA,NA,NA,NA,NA,NA,NA,NA,0,0,0,7_T1,NA,NA,NA,NA,NA
T1,High,High,7,283_22,283,2890,1,225,NA,NA,NA,NA,NA,NA,NA,NA,NA,NA,NA,NA,0,0,0,7_T1,NA,NA,NA,NA,NA
T1,High,High,7,253_9,253,3460,2,257,NA,NA,NA,NA,NA,NA,NA,NA,NA,NA,NA,NA,0,0,0,7_T1,NA,NA,NA,NA,NA
T1,High,High,7,213_1,213,2789.81,1,223,NA,NA,NA,NA,NA,NA,NA,NA,NA,NA,NA,NA,0,0,0,7_T1,NA,NA,NA,NA,NA
T1,High,High,7,66_4,66,2940,1,223,NA,NA,NA,NA,NA,NA,NA,NA,NA,NA,91.51272783,0.421348315,0,0,0,7_T1,3.140987507,0.758511708,NA,NA,NA
T1,High,High,7,102_5,102,3072,1,223,280,351,38,48,50,18,NA,NA,NA,NA,133.1615567,0.31779661,1,20,367.4,7_T1,1.243589744,0.554285714,38,71,154
T1,High,High,7,49_2,49,2935,1,230,NA,NA,NA,NA,NA,NA,NA,NA,NA,NA,171.1319347,0.294117647,0,0,0,7_T1,0.714285714,0.416666667,NA,NA,NA
T1,High,High,7,283_22,283,2890,1,229,NA,NA,NA,NA,NA,NA,NA,NA,NA,NA,NA,NA,0,0,0,7_T1,NA,NA,NA,NA,NA
T1,High,High,7,98_7,98,3011,2,254,NA,NA,NA,NA,NA,NA,NA,NA,NA,NA,142.4712441,0.342975207,0,0,0,7_T1,1.730723606,0.633796699,NA,NA,NA
T1,High,High,7,98_7,98,3011,1,230,NA,NA,NA,NA,NA,NA,NA,NA,NA,NA,NA,NA,0,0,0,7_T1,NA,NA,NA,NA,NA
T1,High,High,7,303_8,303,3570,1,225,NA,NA,NA,NA,NA,NA,NA,NA,NA,NA,131.2655273,0.344512195,0,0,0,7_T1,1.188893563,0.543148184,NA,NA,NA
T1,High,High,8,257_2,257,2754.1728,1,230,NA,NA,NA,NA,NA,NA,NA,NA,NA,NA,NA,NA,0,0,0,8_T1,NA,NA,NA,NA,NA
T1,High,High,8,188_2,188,3126,1,223,NA,NA,NA,NA,NA,NA,NA,NA,NA,NA,82.32167671,0.406565657,0,0,0,8_T1,1.160186625,0.537077034,NA,NA,NA
T1,High,High,8,48_2,48,2951,1,229,261,NA,129,NA,NA,NA,NA,NA,NA,NA,147.2806819,0.363057325,1,4,149.3,8_T1,1.309086629,0.566928331,25,NA,129
T1,High,High,8,253_9,253,3460,2,257,228,266,79,NA,NA,NA,NA,NA,NA,NA,145.7202049,0.325513196,1,10,220.3,8_T1,1.883081155,0.653148855,20,38,79
T1,High,High,8,273_18C,273,2710,2,257,NA,NA,NA,NA,NA,NA,NA,NA,NA,NA,NA,NA,0,0,0,8_T1,NA,NA,NA,NA,NA
T1,High,High,8,66_4,66,2940,1,223,NA,NA,NA,NA,NA,NA,NA,NA,NA,NA,94.08169174,0.410817031,0,0,0,8_T1,2.428206997,0.708302328,NA,NA,NA
T1,High,High,8,328_2,328,3660,1,225,NA,NA,NA,NA,NA,NA,NA,NA,NA,NA,NA,NA,0,0,0,8_T1,NA,NA,NA,NA,NA
T1,High,High,8,107_4,107,3091,1,232,NA,NA,NA,NA,NA,NA,NA,NA,NA,NA,NA,NA,0,0,0,8_T1,NA,NA,NA,NA,NA
T1,High,High,8,262_3,262,2717.292,1,225,NA,NA,NA,NA,NA,NA,NA,NA,NA,NA,NA,NA,0,0,0,8_T1,NA,NA,NA,NA,NA
T1,High,High,8,199_1,199,3502,1,232,NA,NA,NA,NA,NA,NA,NA,NA,NA,NA,NA,NA,0,0,0,8_T1,NA,NA,NA,NA,NA
T2,High,Low,1,151_3,151,2975,1,227,NA,NA,NA,NA,NA,NA,NA,NA,NA,NA,NA,NA,0,0,0,1_T2,NA,NA,NA,NA,NA
T2,High,Low,1,162_2,162,3055,1,235,NA,NA,NA,NA,NA,NA,NA,NA,NA,NA,NA,NA,0,0,0,1_T2,NA,NA,NA,NA,NA
T2,High,Low,1,212_7,212,3131,1,225,262,307,56,NA,NA,NA,NA,NA,NA,NA,138.269818,0.346499102,1,20,470.1,1_T2,1.631103074,0.619931271,22,45,56
T2,High,Low,1,185_2,185,3411,1,235,NA,NA,NA,NA,NA,NA,NA,NA,NA,NA,NA,NA,0,0,0,1_T2,NA,NA,NA,NA,NA
T2,High,Low,1,283_22,283,2890,1,244,NA,NA,NA,NA,NA,NA,NA,NA,NA,NA,NA,NA,0,0,0,1_T2,NA,NA,NA,NA,NA
T2,High,Low,1,304_19A,304,3673,1,225,NA,NA,NA,NA,NA,NA,NA,NA,NA,NA,NA,NA,0,0,0,1_T2,NA,NA,NA,NA,NA
T2,High,Low,1,83_1,83,2994,1,235,NA,NA,NA,NA,NA,NA,NA,NA,NA,NA,NA,NA,0,0,0,1_T2,NA,NA,NA,NA,NA
T2,High,Low,1,102_5,102,3072,1,227,NA,NA,NA,NA,NA,NA,NA,NA,NA,NA,NA,NA,0,0,0,1_T2,NA,NA,NA,NA,NA
T2,High,Low,1,154_5,154,2992,1,244,NA,NA,NA,NA,NA,NA,NA,NA,NA,NA,NA,NA,0,0,0,1_T2,NA,NA,NA,NA,NA
T2,High,Low,1,304_19A,304,3673,1,225,274,297,34,NA,NA,NA,NA,NA,NA,NA,112.6827275,0.445843829,1,4,83.3,1_T2,0.281719533,0.219798111,34,23,34
T2,High,Low,1,86_2,86,2880,1,235,273,316,120,NA,NA,NA,NA,NA,NA,NA,149.5181348,0.488372093,1,17,621.12,1_T2,1.529390809,0.604647887,43,43,120
T2,High,Low,1,83_1,83,2994,1,227,NA,NA,NA,NA,NA,NA,NA,NA,NA,NA,NA,NA,0,0,0,1_T2,NA,NA,NA,NA,NA
T2,High,Low,1,162_2,162,3055,2,255,NA,NA,NA,NA,NA,NA,NA,NA,NA,NA,NA,NA,0,5,175.1,1_T2,NA,NA,NA,NA,NA
T2,High,Low,1,283_22,283,2890,2,250,236,272,188,NA,NA,NA,NA,NA,NA,NA,139.71832,0.365853659,1,8,262.48,1_T2,2.87480315,0.741922374,21,36,188
T2,High,Low,1,86_2,86,2880,1,235,NA,NA,NA,NA,NA,NA,NA,NA,NA,NA,75.58756654,0.386942675,0,0,0,1_T2,3.652140673,0.785045193,NA,NA,NA
T2,High,Low,1,283_22,283,2890,1,244,NA,NA,NA,NA,NA,NA,NA,NA,NA,NA,NA,NA,0,0,0,1_T2,NA,NA,NA,NA,NA
T2,High,Low,1,154_5,154,2992,1,244,NA,NA,NA,NA,NA,NA,NA,NA,NA,NA,NA,NA,0,0,0,1_T2,NA,NA,NA,NA,NA
T2,High,Low,1,255_28,255,3341.67,1,225,254,371,53,NA,NA,NA,NA,NA,NA,NA,146.3443788,0.40201005,1,34,900.9,1_T2,0.445754004,0.308319398,14,117,53
T2,High,Low,1,273_37,273,2710,1,235,NA,NA,NA,NA,NA,NA,NA,NA,NA,NA,NA,NA,0,0,0,1_T2,NA,NA,NA,NA,NA
T2,High,Low,1,107_4,107,3091,1,225,NA,NA,NA,NA,NA,NA,NA,NA,NA,NA,NA,NA,0,0,0,1_T2,NA,NA,NA,NA,NA
T2,High,Low,1,213_1,213,2789.81,1,244,NA,NA,NA,NA,NA,NA,NA,NA,NA,NA,NA,NA,0,0,0,1_T2,NA,NA,NA,NA,NA
T2,High,Low,1,151_3,151,2975,1,225,NA,NA,NA,NA,NA,NA,NA,NA,NA,NA,NA,NA,0,0,0,1_T2,NA,NA,NA,NA,NA
T2,High,Low,1,213_1,213,2789.81,1,235,NA,NA,NA,NA,NA,NA,NA,NA,NA,NA,NA,NA,0,0,0,1_T2,NA,NA,NA,NA,NA
T2,High,Low,1,194_2,194,3108,1,225,265,297,128,NA,NA,NA,NA,NA,NA,NA,88.07108739,0.487854251,1,15,298.1,1_T2,1.928528165,0.658531541,25,32,128
T2,High,Low,1,269_15,269,2800,1,227,NA,NA,NA,NA,NA,NA,NA,NA,NA,NA,79.99256424,0.366504854,0,7,97.8,1_T2,1.754409171,0.636945734,NA,NA,NA
T2,High,Low,1,270_26,270,2553,1,235,NA,NA,NA,NA,NA,NA,NA,NA,NA,NA,NA,NA,0,0,0,1_T2,NA,NA,NA,NA,NA
T2,High,Low,1,86_2,86,2880,1,227,NA,NA,NA,NA,NA,NA,NA,NA,NA,NA,81.40950887,0.438016529,0,0,0,1_T2,2.589285714,0.721393035,NA,NA,NA
T2,High,Low,1,257_2,257,2754.1728,1,227,NA,NA,NA,NA,NA,NA,NA,NA,NA,NA,NA,NA,0,0,0,1_T2,NA,NA,NA,NA,NA
T2,High,Low,1,250_16,250,3133,2,255,NA,NA,NA,NA,NA,NA,NA,NA,NA,NA,NA,NA,0,0,0,1_T2,NA,NA,NA,NA,NA
T2,High,Low,1,102_5,102,3072,1,227,NA,NA,NA,NA,NA,NA,NA,NA,NA,NA,NA,NA,0,0,0,1_T2,NA,NA,NA,NA,NA
T2,High,Low,1,51_1,51,2929,1,227,NA,NA,NA,NA,NA,NA,NA,NA,NA,NA,NA,NA,0,0,0,1_T2,NA,NA,NA,NA,NA
T2,High,Low,1,211_13A,211,3121.58,1,225,264,279,83,NA,NA,NA,NA,NA,NA,NA,122.2254787,0.466666667,1,6,254.4,1_T2,2.220118343,0.689452407,24,15,83
T2,High,Low,1,189_1,189,3273,2,255,NA,NA,NA,NA,NA,NA,NA,NA,NA,NA,NA,NA,0,0,0,1_T2,NA,NA,NA,NA,NA
T2,High,Low,1,283_22,283,2890,2,250,237,266,115,NA,NA,NA,NA,NA,NA,NA,139.4220232,0.39893617,1,10,407.6,1_T2,2.684620836,0.728601654,22,29,115
T2,High,Low,1,51_1,51,2929,1,227,NA,NA,NA,NA,NA,NA,NA,NA,NA,NA,NA,NA,0,0,0,1_T2,NA,NA,NA,NA,NA
T2,High,Low,1,253_9,253,3460,1,225,259,316,62,NA,NA,NA,NA,NA,NA,NA,107.8138357,0.338164251,1,38,789.08,1_T2,0.961611076,0.49021495,19,57,62
T2,High,Low,1,1_3,1,2989,1,225,NA,NA,NA,NA,NA,NA,NA,NA,NA,NA,NA,NA,0,0,0,1_T2,NA,NA,NA,NA,NA
T2,High,Low,1,1_3,1,2989,1,235,261,304,166,NA,NA,NA,NA,NA,NA,NA,166.2637734,0.581818182,1,6,146.6,1_T2,1.098373354,0.523440384,31,43,166
T2,High,Low,1,250_16,250,3133,2,255,NA,NA,NA,NA,NA,NA,NA,NA,NA,NA,NA,NA,0,0,0,1_T2,NA,NA,NA,NA,NA
T2,High,Low,1,66_4,66,2940,1,225,NA,NA,NA,NA,NA,NA,NA,NA,NA,NA,95.97402359,0.411451398,0,0,0,1_T2,1.180515759,0.541392904,NA,NA,NA
T2,High,Low,1,98_7,98,3011,2,265,NA,NA,NA,NA,NA,NA,NA,NA,NA,NA,99.77073302,0.416299559,0,0,0,1_T2,3.060335782,0.75371495,NA,NA,NA
T2,High,Low,1,207_14B,207,3218.6,2,255,NA,NA,NA,NA,NA,NA,NA,NA,NA,NA,95.53453383,0.451612903,0,0,0,1_T2,1.794759825,0.6421875,NA,NA,NA
T2,High,Low,1,46_3A,46,3009,2,255,NA,NA,NA,NA,NA,NA,NA,NA,NA,NA,NA,NA,0,0,0,1_T2,NA,NA,NA,NA,NA
T2,High,Low,1,107_4,107,3091,1,225,NA,NA,NA,NA,NA,NA,NA,NA,NA,NA,NA,NA,0,0,0,1_T2,NA,NA,NA,NA,NA
T2,High,Low,1,162_2,162,3055,2,255,NA,NA,NA,NA,NA,NA,NA,NA,NA,NA,NA,NA,0,0,0,1_T2,NA,NA,NA,NA,NA
T2,High,Low,1,67_4,67,2903,1,227,NA,NA,NA,NA,NA,NA,NA,NA,NA,NA,97.35430851,0.416374269,0,0,0,1_T2,0.67338525,0.402408979,NA,NA,NA
T2,High,Low,1,194_2,194,3108,1,225,259,279,164,NA,NA,NA,NA,NA,NA,NA,92.7342753,0.404850746,1,16,649.27,1_T2,1.296606939,0.564575033,19,20,164
T2,High,Low,1,270_26,270,2553,1,225,NA,NA,NA,NA,NA,NA,NA,NA,NA,NA,NA,NA,0,0,0,1_T2,NA,NA,NA,NA,NA
T2,High,Low,1,154_5,154,2992,1,244,297,334,215,NA,NA,NA,NA,NA,NA,NA,184.5881829,0.043343653,1,14,551,1_T2,1.75,0.636363636,76,37,215
T2,High,Low,1,188_2,188,3126,1,227,NA,NA,NA,NA,NA,NA,NA,NA,NA,NA,NA,NA,0,0,0,1_T2,NA,NA,NA,NA,NA
T2,High,Low,1,49_2,49,2935,1,227,NA,NA,NA,NA,NA,NA,NA,NA,NA,NA,NA,NA,0,0,0,1_T2,NA,NA,NA,NA,NA
T2,High,Low,1,188_2,188,3126,1,225,NA,NA,NA,NA,NA,NA,NA,NA,NA,NA,NA,NA,0,0,0,1_T2,NA,NA,NA,NA,NA
T2,High,Low,1,209_5,209,2721.21,1,244,NA,NA,NA,NA,NA,NA,NA,NA,NA,NA,NA,NA,0,0,0,1_T2,NA,NA,NA,NA,NA
T2,High,Low,1,267_12,267,2498.61,2,255,230,NA,125,NA,NA,NA,NA,NA,NA,NA,122.4469738,0.421296296,1,13,448.55,1_T2,3.294871795,0.767164179,20,NA,125
T2,High,Low,1,270_26,270,2553,1,244,NA,NA,NA,NA,NA,NA,NA,NA,NA,NA,NA,NA,0,0,0,1_T2,NA,NA,NA,NA,NA
T2,High,Low,1,250_16,250,3133,2,255,NA,NA,NA,NA,NA,NA,NA,NA,NA,NA,NA,NA,0,0,0,1_T2,NA,NA,NA,NA,NA
T2,High,Low,1,199_1,199,3502,2,259,NA,NA,NA,NA,NA,NA,NA,NA,NA,NA,108.0686282,0.353166987,0,0,0,1_T2,2.02470324,0.669389054,NA,NA,NA
T2,High,Low,1,49_2,49,2935,1,227,NA,NA,NA,NA,NA,NA,NA,NA,NA,NA,NA,NA,0,0,0,1_T2,NA,NA,NA,NA,NA
T2,High,Low,1,194_2,194,3108,1,225,NA,279,NA,NA,NA,NA,NA,NA,NA,NA,101.8876437,0.515068493,1,10,486.7,1_T2,2.013706453,0.66818268,NA,NA,NA
T2,High,Low,1,255_28,255,3341.67,1,235,246,269,183,NA,NA,NA,NA,NA,NA,NA,99.28690149,0.5,1,13,566.7,1_T2,2.031382016,0.67011746,16,23,183
T2,High,Low,1,283_22,283,2890,2,250,233,260,114,NA,NA,NA,NA,NA,NA,NA,171.8583619,0.347014925,1,11,469.2,1_T2,1.782422803,0.64060099,18,27,114
T2,High,Low,1,253_9,253,3460,1,225,262,NA,88,NA,NA,NA,NA,NA,NA,NA,112.5607829,0.382352941,1,23,561.2,1_T2,2.697241379,0.729528073,22,NA,88
T2,High,Low,1,185_2,185,3411,1,235,NA,NA,NA,NA,NA,NA,NA,NA,NA,NA,NA,NA,0,0,0,1_T2,NA,NA,NA,NA,NA
T2,High,Low,1,48_2,48,2951,1,225,NA,NA,NA,NA,NA,NA,NA,NA,NA,NA,NA,NA,0,0,0,1_T2,NA,NA,NA,NA,NA
T2,High,Low,1,66_4,66,2940,1,225,291,335,52,NA,NA,NA,NA,NA,NA,NA,90.7823758,0.443274854,1,11,324.77,1_T2,1.459441636,0.593403647,51,44,52
T2,High,Low,1,102_5,102,3072,1,227,NA,NA,NA,NA,NA,NA,NA,NA,NA,NA,NA,NA,0,0,0,1_T2,NA,NA,NA,NA,NA
T2,High,Low,1,91_2,91,2910,2,267,220,224,170,NA,NA,NA,NA,NA,NA,NA,105.7517796,0.457142857,1,5,287.9,1_T2,1.804235833,0.643396612,22,4,170
T2,High,Low,1,91_2,91,2910,2,259,NA,NA,NA,NA,NA,NA,NA,NA,NA,NA,NA,NA,0,0,0,1_T2,NA,NA,NA,NA,NA
T2,High,Low,1,48_2,48,2951,1,225,267,285,57,NA,NA,NA,NA,NA,NA,NA,98.87339098,0.389312977,1,9,361.56,1_T2,2.598229109,0.722085512,27,18,57
T2,High,Low,1,250_28,250,3133,1,235,NA,NA,NA,NA,NA,NA,NA,NA,NA,NA,NA,NA,0,0,0,1_T2,NA,NA,NA,NA,NA
T2,High,Low,1,50_1,50,2934,2,255,NA,NA,NA,NA,NA,NA,NA,NA,NA,NA,NA,NA,0,0,0,1_T2,NA,NA,NA,NA,NA
T2,High,Low,1,201_2,201,3352,1,225,309,NA,42,91,112,180,147,NA,NA,NA,87.00962335,0.37826685,1,0,0,1_T2,3.593110872,0.782282634,69,NA,572
T2,High,Low,1,102_5,102,3072,1,230,NA,NA,NA,NA,NA,NA,NA,NA,NA,NA,NA,NA,0,0,0,1_T2,NA,NA,NA,NA,NA
T2,High,Low,1,210_3,210,3161.3,2,255,NA,NA,NA,NA,NA,NA,NA,NA,NA,NA,NA,NA,0,0,0,1_T2,NA,NA,NA,NA,NA
T2,High,Low,1,253_9,253,3460,1,230,254,306,119,NA,NA,NA,NA,NA,NA,NA,92.2395487,0.303964758,1,26,603.71,1_T2,2.994091581,0.749630178,19,52,119
T2,High,Low,1,250_28,250,3133,1,235,NA,NA,NA,NA,NA,NA,NA,NA,NA,NA,NA,NA,0,0,0,1_T2,NA,NA,NA,NA,NA
T2,High,Low,1,50_1,50,2934,2,255,NA,NA,NA,NA,NA,NA,NA,NA,NA,NA,NA,NA,0,0,0,1_T2,NA,NA,NA,NA,NA
T2,High,Low,2,283_22,283,2890,2,255,NA,NA,NA,NA,NA,NA,NA,NA,NA,NA,100.2215793,0.165249089,0,0,0,2_T2,3.507067138,0.778126225,NA,NA,NA
T2,High,Low,2,194_2,194,3108,1,225,NA,NA,NA,NA,NA,NA,NA,NA,NA,NA,NA,NA,0,0,0,2_T2,NA,NA,NA,NA,NA
T2,High,Low,2,267_12,267,2498.61,2,255,NA,NA,NA,NA,NA,NA,NA,NA,NA,NA,NA,NA,0,0,0,2_T2,NA,NA,NA,NA,NA
T2,High,Low,2,253_9,253,3460,1,230,254,292,74,NA,NA,NA,NA,NA,NA,NA,130.451172,0.157488987,1,20,488.7,2_T2,2.899259259,0.743541033,19,38,74
T2,High,Low,2,257_2,257,2754.1728,1,227,NA,NA,NA,NA,NA,NA,NA,NA,NA,NA,NA,NA,0,0,0,2_T2,NA,NA,NA,NA,NA
T2,High,Low,2,188_2,188,3126,1,227,NA,NA,NA,NA,NA,NA,NA,NA,NA,NA,NA,NA,0,0,0,2_T2,NA,NA,NA,NA,NA
T2,High,Low,2,250_28,250,3133,2,255,NA,NA,NA,NA,NA,NA,NA,NA,NA,NA,NA,NA,0,0,0,2_T2,NA,NA,NA,NA,NA
T2,High,Low,2,214_7,214,2693.59,1,235,297,304,520,NA,NA,NA,NA,NA,NA,NA,104.2813714,0.101838755,1,9,387.4,2_T2,0.636118598,0.388797364,67,7,520
T2,High,Low,2,67_4,67,2903,1,230,254,260,137,NA,NA,NA,NA,NA,NA,NA,130.5174141,0.077241379,1,4,192.3,2_T2,1.391550747,0.581861267,19,6,137
T2,High,Low,2,212_7,212,3131,1,227,257,295,61,NA,NA,NA,NA,NA,NA,NA,91.29806374,0.174584323,1,20,590.5,2_T2,1.958890031,0.662035429,19,38,61
T2,High,Low,2,250_16,250,3133,2,255,NA,NA,NA,NA,NA,NA,NA,NA,NA,NA,NA,NA,0,0,0,2_T2,NA,NA,NA,NA,NA
T2,High,Low,2,304_19A,304,3673,1,225,NA,NA,NA,NA,NA,NA,NA,NA,NA,NA,78.50945298,0.206771463,0,0,0,2_T2,0.503134141,0.334723381,NA,NA,NA
T2,High,Low,2,273_37,273,2710,1,227,NA,NA,NA,NA,NA,NA,NA,NA,NA,NA,NA,NA,0,0,0,2_T2,NA,NA,NA,NA,NA
T2,High,Low,2,67_4,67,2903,1,230,256,350,216,NA,NA,NA,NA,NA,NA,NA,91.56734896,0.196859903,1,34,697.7,2_T2,1.082186949,0.519735728,21,94,216
T2,High,Low,2,98_7,98,3011,1,227,NA,NA,NA,NA,NA,NA,NA,NA,NA,NA,98.69878077,0.187709497,0,0,0,2_T2,2.020074855,0.668882379,NA,NA,NA
T2,High,Low,2,151_3,151,2975,1,227,NA,NA,NA,NA,NA,NA,NA,NA,NA,NA,NA,NA,0,0,0,2_T2,NA,NA,NA,NA,NA
T2,High,Low,2,210_3,210,3161.3,2,255,NA,NA,NA,NA,NA,NA,NA,NA,NA,NA,NA,NA,0,0,0,2_T2,NA,NA,NA,NA,NA
T2,High,Low,2,209_5,209,2721.21,2,259,NA,NA,NA,NA,NA,NA,NA,NA,NA,NA,NA,NA,0,12,481.8,2_T2,NA,NA,NA,NA,NA
T2,High,Low,2,273_18C,273,2710,2,259,NA,NA,NA,NA,NA,NA,NA,NA,NA,NA,NA,NA,0,0,0,2_T2,NA,NA,NA,NA,NA
T2,High,Low,2,194_2,194,3108,1,225,NA,NA,NA,NA,NA,NA,NA,NA,NA,NA,79.36707333,0.262464722,0,0,0,2_T2,1.661920073,0.62433132,NA,NA,NA
T2,High,Low,2,270_10,270,2553,1,225,258,297,53,39,NA,NA,NA,NA,NA,NA,107.5596808,0.110275689,1,2,52.2,2_T2,2.791322314,0.736239782,18,39,92
T2,High,Low,2,199_1,199,3502,1,230,NA,NA,NA,NA,NA,NA,NA,NA,NA,NA,NA,NA,0,0,0,2_T2,NA,NA,NA,NA,NA
T2,High,Low,2,56_3,56,3132,2,255,231,236,130,NA,NA,NA,NA,NA,NA,NA,156.2368715,0.03058104,1,5,309,2_T2,1.320143885,0.568992248,21,5,130
T2,High,Low,2,86_2,86,2880,2,265,NA,NA,NA,NA,NA,NA,NA,NA,NA,NA,NA,NA,0,0,0,2_T2,NA,NA,NA,NA,NA
T2,High,Low,2,257_2,257,2754.1728,1,227,259,264,150,NA,NA,NA,NA,NA,NA,NA,99.95618307,0.140740741,1,8,396.9,2_T2,2.144636678,0.681998239,21,5,150
T2,High,Low,2,271_1,271,2708,1,244,NA,NA,NA,NA,NA,NA,NA,NA,NA,NA,NA,NA,0,0,0,2_T2,NA,NA,NA,NA,NA
T2,High,Low,2,303_8,303,3570,1,225,267,316,49,NA,NA,NA,NA,NA,NA,NA,131.5764499,0.107329843,1,23,430.24,2_T2,1.454545455,0.592592593,27,49,49
T2,High,Low,2,283_22,283,2890,2,255,NA,NA,NA,NA,NA,NA,NA,NA,NA,NA,NA,NA,0,0,0,2_T2,NA,NA,NA,NA,NA
T2,High,Low,2,303_8,303,3570,1,225,256,263,54,NA,NA,NA,NA,NA,NA,NA,143.7449538,0.059574468,1,4,184.2,2_T2,2.751396648,0.733432614,16,7,54
T2,High,Low,2,49_2,49,2935,1,227,NA,NA,NA,NA,NA,NA,NA,NA,NA,NA,NA,NA,0,0,0,2_T2,NA,NA,NA,NA,NA
T2,High,Low,2,56_3,56,3132,2,255,233,249,89,NA,NA,NA,NA,NA,NA,NA,164.5480837,0.089828269,1,2,56.4,2_T2,2.178074246,0.685344041,23,16,89
T2,High,Low,2,98_7,98,3011,1,230,NA,NA,NA,NA,NA,NA,NA,NA,NA,NA,NA,NA,0,0,0,2_T2,NA,NA,NA,NA,NA
T2,High,Low,2,328_2,328,3660,1,227,NA,NA,NA,NA,NA,NA,NA,NA,NA,NA,NA,NA,0,0,0,2_T2,NA,NA,NA,NA,NA
T2,High,Low,2,210_3,210,3161.3,2,255,NA,NA,NA,NA,NA,NA,NA,NA,NA,NA,NA,NA,0,0,0,2_T2,NA,NA,NA,NA,NA
T2,High,Low,2,154_5,154,2992,1,244,NA,NA,NA,NA,NA,NA,NA,NA,NA,NA,NA,NA,0,0,0,2_T2,NA,NA,NA,NA,NA
T2,High,Low,2,328_2,328,3660,1,227,NA,NA,NA,NA,NA,NA,NA,NA,NA,NA,NA,NA,0,0,0,2_T2,NA,NA,NA,NA,NA
T2,High,Low,2,68_1,68,2904,2,259,NA,NA,NA,NA,NA,NA,NA,NA,NA,NA,NA,NA,0,0,0,2_T2,NA,NA,NA,NA,NA
T2,High,Low,2,207_14B,207,3218.6,2,255,NA,NA,NA,NA,NA,NA,NA,NA,NA,NA,NA,NA,0,0,0,2_T2,NA,NA,NA,NA,NA
T2,High,Low,2,86_2,86,2880,1,227,NA,NA,NA,NA,NA,NA,NA,NA,NA,NA,NA,NA,0,0,0,2_T2,NA,NA,NA,NA,NA
T2,High,Low,2,304_19A,304,3673,1,244,NA,NA,NA,NA,NA,NA,NA,NA,NA,NA,NA,NA,0,0,0,2_T2,NA,NA,NA,NA,NA
T2,High,Low,2,304_19A,304,3673,1,244,NA,NA,NA,NA,NA,NA,NA,NA,NA,NA,NA,NA,0,0,0,2_T2,NA,NA,NA,NA,NA
T2,High,Low,2,210_3,210,3161.3,2,255,NA,NA,NA,NA,NA,NA,NA,NA,NA,NA,NA,NA,0,0,0,2_T2,NA,NA,NA,NA,NA
T2,High,Low,2,91_2,91,2910,2,259,NA,NA,NA,NA,NA,NA,NA,NA,NA,NA,NA,NA,0,0,0,2_T2,NA,NA,NA,NA,NA
T2,High,Low,2,154_5,154,2992,2,259,NA,NA,NA,NA,NA,NA,NA,NA,NA,NA,NA,NA,0,0,0,2_T2,NA,NA,NA,NA,NA
T2,High,Low,2,210_3,210,3161.3,2,255,NA,NA,NA,NA,NA,NA,NA,NA,NA,NA,NA,NA,0,0,0,2_T2,NA,NA,NA,NA,NA
T2,High,Low,2,255_28,255,3341.67,1,235,NA,NA,NA,NA,NA,NA,NA,NA,NA,NA,116.6937818,0.197368421,0,0,0,2_T2,NA,NA,NA,NA,NA
T2,High,Low,2,214_7,214,2693.59,2,255,261,305,175,NA,NA,NA,NA,NA,NA,NA,109.9316671,0.232768362,1,15,607.9,2_T2,0.747614651,0.427791476,51,44,175
T2,High,Low,2,188_2,188,3126,1,230,NA,NA,NA,NA,NA,NA,NA,NA,NA,NA,NA,NA,0,0,0,2_T2,NA,NA,NA,NA,NA
T2,High,Low,2,154_5,154,2992,2,259,NA,NA,NA,NA,NA,NA,NA,NA,NA,NA,NA,NA,0,0,0,2_T2,NA,NA,NA,NA,NA
T2,High,Low,2,102_5,102,3072,1,230,NA,NA,NA,NA,NA,NA,NA,NA,NA,NA,NA,NA,0,0,0,2_T2,NA,NA,NA,NA,NA
T2,High,Low,2,262_3,262,2717.292,1,230,NA,NA,NA,NA,NA,NA,NA,NA,NA,NA,NA,NA,0,0,0,2_T2,NA,NA,NA,NA,NA
T2,High,Low,2,273_18C,273,2710,2,259,NA,NA,NA,NA,NA,NA,NA,NA,NA,NA,NA,NA,0,0,0,2_T2,NA,NA,NA,NA,NA
T2,High,Low,2,207_14B,207,3218.6,2,255,NA,NA,NA,NA,NA,NA,NA,NA,NA,NA,NA,NA,0,0,0,2_T2,NA,NA,NA,NA,NA
T2,High,Low,2,209_5,209,2721.21,2,259,NA,NA,NA,NA,NA,NA,NA,NA,NA,NA,NA,NA,0,0,0,2_T2,NA,NA,NA,NA,NA
T2,High,Low,2,66_4,66,2940,1,225,NA,NA,NA,NA,NA,NA,NA,NA,NA,NA,103.091604,0.215591915,0,0,0,2_T2,1.371158392,0.578265204,NA,NA,NA
T2,High,Low,2,185_2,185,3411,2,255,NA,NA,NA,NA,NA,NA,NA,NA,NA,NA,NA,NA,0,0,0,2_T2,NA,NA,NA,NA,NA
T2,High,Low,2,81_1,81,3095,1,227,NA,NA,NA,NA,NA,NA,NA,NA,NA,NA,NA,NA,0,0,0,2_T2,NA,NA,NA,NA,NA
T2,High,Low,2,67_4,67,2903,1,230,NA,NA,NA,NA,NA,NA,NA,NA,NA,NA,NA,NA,0,0,0,2_T2,NA,NA,NA,NA,NA
T2,High,Low,2,107_4,107,3091,1,225,285,307,150,NA,NA,NA,NA,NA,NA,NA,78.97443581,0.159064327,1,7,223.6,2_T2,0.711783439,0.415813953,45,22,150
T2,High,Low,2,273_37,273,2710,1,235,NA,NA,NA,NA,NA,NA,NA,NA,NA,NA,NA,NA,0,0,0,2_T2,NA,NA,NA,NA,NA
T2,High,Low,2,253_9,253,3460,1,230,254,NA,184,NA,NA,NA,NA,NA,NA,NA,157.2558189,0.588235294,1,8,264.1,2_T2,1.587087784,0.613464991,19,NA,184
T2,High,Low,2,253_9,253,3460,1,225,259,307,55,NA,NA,NA,NA,NA,NA,NA,110.8806955,0.477178423,1,19,363.3,2_T2,2.719966159,0.73118035,19,48,55
T2,High,Low,2,86_2,86,2880,1,230,NA,NA,NA,NA,NA,NA,NA,NA,NA,NA,NA,NA,0,0,0,2_T2,NA,NA,NA,NA,NA
T2,High,Low,2,253_9,253,3460,1,227,260,305,49,NA,NA,NA,NA,NA,NA,NA,134.7672946,0.436781609,1,18,383.5,2_T2,1.857942617,0.650097943,22,45,49
T2,High,Low,2,1_3,1,2989,1,235,289,336,45,NA,NA,NA,NA,NA,NA,NA,NA,NA,1,0,0,2_T2,3.136531365,0.758251561,59,47,45
T2,High,Low,2,328_2,328,3660,1,227,NA,NA,NA,NA,NA,NA,NA,NA,NA,NA,120.8205311,0.622047244,0,0,0,2_T2,1.169244768,0.539010067,NA,NA,NA
T2,High,Low,3,255_28,255,3341.67,2,255,NA,NA,NA,NA,NA,NA,NA,NA,NA,NA,NA,NA,0,0,0,3_T2,NA,NA,NA,NA,NA
T2,High,Low,3,48_2,48,2951,1,225,297,NA,30,NA,NA,NA,NA,NA,NA,NA,118.125,0.96969697,1,0,0,3_T2,0.595269382,0.373146623,57,NA,30
T2,High,Low,3,185_2,185,3411,2,255,NA,NA,NA,NA,NA,NA,NA,NA,NA,NA,NA,NA,0,0,0,3_T2,NA,NA,NA,NA,NA
T2,High,Low,3,151_3,151,2975,1,230,260,NA,92,NA,NA,NA,NA,NA,NA,NA,145.0759396,0.535545024,1,31,584.1,3_T2,0.936457506,0.483593109,25,NA,92
T2,High,Low,3,214_7,214,2693.59,2,255,NA,NA,NA,NA,NA,NA,NA,NA,NA,NA,96.24678748,0.466853408,0,0,0,3_T2,1.94451146,0.660385088,NA,NA,NA
T2,High,Low,3,1_3,1,2989,1,235,248,255,118,NA,NA,NA,NA,NA,NA,NA,131.5131851,0.580152672,1,10,534.3,3_T2,1.262668919,0.558044046,18,7,118
T2,High,Low,3,273_37,273,2710,1,244,NA,NA,NA,NA,NA,NA,NA,NA,NA,NA,NA,NA,0,0,0,3_T2,NA,NA,NA,NA,NA
T2,High,Low,3,50_1,50,2934,2,265,NA,NA,NA,NA,NA,NA,NA,NA,NA,NA,92.76046757,0.651837524,0,0,0,3_T2,3.244972578,0.764427218,NA,NA,NA
T2,High,Low,3,199_1,199,3502,2,255,NA,NA,NA,NA,NA,NA,NA,NA,NA,NA,NA,NA,0,0,0,3_T2,NA,NA,NA,NA,NA
T2,High,Low,3,86_2,86,2880,2,255,NA,NA,NA,NA,NA,NA,NA,NA,NA,NA,102.4576422,0.467153285,0,0,0,3_T2,3.266083376,0.765592955,NA,NA,NA
T2,High,Low,3,81_1,81,3095,1,230,NA,NA,NA,NA,NA,NA,NA,NA,NA,NA,NA,NA,0,0,0,3_T2,NA,NA,NA,NA,NA
T2,High,Low,3,269_15,269,2800,1,227,NA,NA,NA,NA,NA,NA,NA,NA,NA,NA,NA,NA,0,0,0,3_T2,NA,NA,NA,NA,NA
T2,High,Low,3,269_15,269,2800,1,227,NA,NA,NA,NA,NA,NA,NA,NA,NA,NA,106.5734926,0.497716895,0,0,0,3_T2,1.733478577,0.634165781,NA,NA,NA
T2,High,Low,3,162_2,162,3055,2,255,NA,NA,NA,NA,NA,NA,NA,NA,NA,NA,NA,NA,0,0,0,3_T2,NA,NA,NA,NA,NA
T2,High,Low,3,328_2,328,3660,1,227,NA,NA,NA,NA,NA,NA,NA,NA,NA,NA,NA,NA,0,0,0,3_T2,NA,NA,NA,NA,NA
T2,High,Low,3,98_7,98,3011,1,230,NA,NA,NA,NA,NA,NA,NA,NA,NA,NA,NA,NA,0,0,0,3_T2,NA,NA,NA,NA,NA
T2,High,Low,3,253_9,253,3460,1,230,252,292,79,NA,NA,NA,NA,NA,NA,NA,122.5173275,0.396484375,1,21,604.02,3_T2,1.409222661,0.58492836,17,40,79
T2,High,Low,3,259_19C,259,2759.964,1,227,269,332,296,NA,NA,NA,NA,NA,NA,NA,87.63021293,0.482352941,1,49,923.19,3_T2,6.706832298,0.870245003,31,63,296
T2,High,Low,3,98_7,98,3011,1,230,NA,NA,NA,NA,NA,NA,NA,NA,NA,NA,NA,NA,0,0,0,3_T2,NA,NA,NA,NA,NA
T2,High,Low,3,209_5,209,2721.21,2,259,NA,NA,NA,NA,NA,NA,NA,NA,NA,NA,NA,NA,0,0,0,3_T2,NA,NA,NA,NA,NA
T2,High,Low,3,1_3,1,2989,1,235,NA,NA,NA,NA,NA,NA,NA,NA,NA,NA,NA,NA,0,0,0,3_T2,NA,NA,NA,NA,NA
T2,High,Low,3,199_1,199,3502,2,255,NA,NA,NA,NA,NA,NA,NA,NA,NA,NA,NA,NA,0,0,0,3_T2,NA,NA,NA,NA,NA
T2,High,Low,3,267_12,267,2498.61,2,259,NA,NA,NA,NA,NA,NA,NA,NA,NA,NA,NA,NA,0,0,0,3_T2,NA,NA,NA,NA,NA
T2,High,Low,3,81_1,81,3095,1,230,NA,NA,NA,NA,NA,NA,NA,NA,NA,NA,NA,NA,0,0,0,3_T2,NA,NA,NA,NA,NA
T2,High,Low,3,56_3,56,3132,2,259,227,245,224,NA,NA,NA,NA,NA,NA,NA,160.5925635,0.374509804,1,13,761,3_T2,2.082145851,0.675550721,21,18,224
T2,High,Low,3,185_2,185,3411,2,255,NA,NA,NA,NA,NA,NA,NA,NA,NA,NA,NA,NA,0,0,0,3_T2,NA,NA,NA,NA,NA
T2,High,Low,3,151_3,151,2975,1,230,274,360,80,63,110,98,NA,NA,NA,NA,131.4945852,0.660493827,1,55,846.96,3_T2,0.974747475,0.493606138,39,86,351
T2,High,Low,3,66_4,66,2940,1,225,NA,NA,NA,NA,NA,NA,NA,NA,NA,NA,106.8373734,0.485564304,0,0,0,3_T2,2.221699961,0.689604863,NA,NA,NA
T2,High,Low,3,259_19C,259,2759.964,1,227,262,277,266,NA,NA,NA,NA,NA,NA,NA,NA,NA,1,8,313,3_T2,2.842173351,0.73973064,24,15,266
T2,High,Low,3,66_4,66,2940,1,225,NA,NA,NA,NA,NA,NA,NA,NA,NA,NA,93.34996714,0.472392638,0,0,0,3_T2,1.875952122,0.652289065,NA,NA,NA
T2,High,Low,3,98_7,98,3011,1,230,NA,NA,NA,NA,NA,NA,NA,NA,NA,NA,NA,NA,0,0,0,3_T2,NA,NA,NA,NA,NA
T2,High,Low,3,48_2,48,2951,1,225,NA,NA,NA,NA,NA,NA,NA,NA,NA,NA,NA,NA,0,0,0,3_T2,NA,NA,NA,NA,NA
T2,High,Low,3,255_28,255,3341.67,2,255,226,236,124,NA,NA,NA,NA,NA,NA,NA,88.21977432,0.454241071,1,10,532.5,3_T2,1.761845387,0.637923251,16,10,124
T2,High,Low,3,185_2,185,3411,2,255,NA,NA,NA,NA,NA,NA,NA,NA,NA,NA,NA,NA,0,0,0,3_T2,NA,NA,NA,NA,NA
T2,High,Low,3,158_2,158,3004,1,227,NA,NA,NA,NA,NA,NA,NA,NA,NA,NA,86.86250275,0.436170213,0,0,0,3_T2,1.764922623,0.638326226,NA,NA,NA
T2,High,Low,3,273_18C,273,2710,2,259,NA,NA,NA,NA,NA,NA,NA,NA,NA,NA,NA,NA,0,0,0,3_T2,NA,NA,NA,NA,NA
T2,High,Low,3,91_2,91,2910,2,259,235,257,192,NA,NA,NA,NA,NA,NA,NA,108.369842,0.456628478,1,19,928.46,3_T2,3.154671717,0.759307096,29,22,192
T2,High,Low,3,262_3,262,2717.292,1,235,NA,NA,NA,NA,NA,NA,NA,NA,NA,NA,NA,NA,0,0,0,3_T2,NA,NA,NA,NA,NA
T2,High,Low,3,67_4,67,2903,1,230,NA,NA,NA,NA,NA,NA,NA,NA,NA,NA,NA,NA,0,0,0,3_T2,NA,NA,NA,NA,NA
T2,High,Low,3,107_4,107,3091,1,227,NA,NA,NA,NA,NA,NA,NA,NA,NA,NA,NA,NA,0,0,0,3_T2,2.361867704,0.702546296,NA,NA,NA
T2,High,Low,3,67_4,67,2903,2,255,NA,NA,NA,NA,NA,NA,NA,NA,NA,NA,NA,NA,0,0,0,3_T2,NA,NA,NA,NA,NA
T2,High,Low,3,83_1,83,2994,1,230,NA,NA,NA,NA,NA,NA,NA,NA,NA,NA,NA,NA,0,0,0,3_T2,NA,NA,NA,NA,NA
T2,High,Low,3,262_3,262,2717.292,1,235,NA,NA,NA,NA,NA,NA,NA,NA,NA,NA,NA,NA,0,0,0,3_T2,NA,NA,NA,NA,NA
T2,High,Low,3,269_15,269,2800,1,227,258,347,105,NA,NA,NA,NA,NA,NA,NA,92.10552939,0.50660793,1,7,279.2,3_T2,2.653792135,0.726311743,20,89,105
T2,High,Low,3,262_3,262,2717.292,1,235,NA,NA,NA,NA,NA,NA,NA,NA,NA,NA,NA,NA,0,0,0,3_T2,NA,NA,NA,NA,NA
T2,High,Low,3,1_3,1,2989,1,235,NA,NA,NA,NA,NA,NA,NA,NA,NA,NA,NA,NA,0,0,0,3_T2,NA,NA,NA,NA,NA
T2,High,Low,3,211_13A,211,3121.58,1,225,NA,NA,NA,NA,NA,NA,NA,NA,NA,NA,NA,NA,0,0,0,3_T2,NA,NA,NA,NA,NA
T2,High,Low,3,107_4,107,3091,1,230,NA,NA,NA,NA,NA,NA,NA,NA,NA,NA,79.96905151,0.487356322,0,0,0,3_T2,2.421303657,0.707713755,NA,NA,NA
T2,High,Low,3,328_2,328,3660,1,227,254,265,97,NA,NA,NA,NA,NA,NA,NA,118.2461291,0.476038339,1,6,312.3,3_T2,0.843761046,0.457630368,16,11,97
T2,High,Low,3,83_1,83,2994,1,230,NA,NA,NA,NA,NA,NA,NA,NA,NA,NA,NA,NA,0,0,0,3_T2,NA,NA,NA,NA,NA
T2,High,Low,3,51_1,51,2929,2,250,NA,NA,NA,NA,NA,NA,NA,NA,NA,NA,NA,NA,0,0,0,3_T2,NA,NA,NA,NA,NA
T2,High,Low,3,214_7,214,2693.59,2,255,NA,NA,NA,NA,NA,NA,NA,NA,NA,NA,67.78639218,0.466165414,0,0,0,3_T2,3.113567839,0.756902028,NA,NA,NA
T2,High,Low,3,151_3,151,2975,1,235,NA,NA,NA,NA,NA,NA,NA,NA,NA,NA,NA,NA,0,0,0,3_T2,NA,NA,NA,NA,NA
T2,High,Low,3,56_3,56,3132,2,265,221,231,143,NA,NA,NA,NA,NA,NA,NA,142.3112592,0.506024096,1,7,433.9,3_T2,1.247400347,0.55504145,21,10,143
T2,High,Low,3,162_2,162,3055,2,255,NA,NA,NA,NA,NA,NA,NA,NA,NA,NA,NA,NA,0,0,0,3_T2,NA,NA,NA,NA,NA
T2,High,Low,3,66_4,66,2940,1,225,NA,NA,NA,NA,NA,NA,NA,NA,NA,NA,88.89296257,0.441953563,0,0,0,3_T2,0.668833558,0.400779068,NA,NA,NA
T2,High,Low,3,213_1,213,2789.81,1,227,NA,NA,NA,NA,NA,NA,NA,NA,NA,NA,NA,NA,0,0,0,3_T2,NA,NA,NA,NA,NA
T2,High,Low,3,303_8,303,3570,1,225,262,279,61,NA,NA,NA,NA,NA,NA,NA,89.7191004,0.490136571,1,10,246.5,3_T2,1.498286833,0.599725705,22,17,61
T2,High,Low,3,98_7,98,3011,2,255,246,335,90,NA,NA,NA,NA,NA,NA,NA,127.8385104,0.482089552,1,18,427.1,3_T2,1.946766562,0.660644989,36,89,90
T2,High,Low,3,250_16,250,3133,2,255,NA,NA,NA,NA,NA,NA,NA,NA,NA,NA,NA,NA,0,0,0,3_T2,NA,NA,NA,NA,NA
T2,High,Low,3,328_2,328,3660,1,227,NA,NA,NA,NA,NA,NA,NA,NA,NA,NA,NA,NA,0,0,0,3_T2,NA,NA,NA,NA,NA
T2,High,Low,3,262_3,262,2717.292,1,235,NA,NA,NA,NA,NA,NA,NA,NA,NA,NA,106.24003,0.453608247,0,0,0,3_T2,3.812316716,0.792199878,NA,NA,NA
T2,High,Low,3,250_28,250,3133,2,255,NA,NA,NA,NA,NA,NA,NA,NA,NA,NA,75.61195689,0.582172702,0,0,0,3_T2,NA,0.938965517,NA,NA,NA
T2,High,Low,3,250_16,250,3133,2,255,NA,NA,NA,NA,NA,NA,NA,NA,NA,NA,NA,NA,0,0,0,3_T2,NA,NA,NA,NA,NA
T2,High,Low,3,212_7,212,3131,1,230,254,327,47,NA,NA,NA,NA,NA,NA,NA,159.3745438,0.460869565,1,16,423.99,3_T2,1.311459819,0.567372969,19,73,47
T2,High,Low,3,213_1,213,2789.81,1,227,NA,NA,NA,NA,NA,NA,NA,NA,NA,NA,NA,NA,0,0,0,3_T2,NA,NA,NA,NA,NA
T2,High,Low,3,303_8,303,3570,1,225,265,339,38,NA,NA,NA,NA,NA,NA,NA,NA,NA,1,11,179.1,3_T2,0.998645598,0.49966117,25,74,38
T2,High,Low,3,1_3,1,2989,1,244,NA,NA,NA,NA,NA,NA,NA,NA,NA,NA,NA,NA,0,0,0,3_T2,NA,NA,NA,NA,NA
T2,High,Low,4,199_1,199,3502,2,255,NA,NA,NA,NA,NA,NA,NA,NA,NA,NA,NA,NA,0,0,0,4_T2,NA,NA,NA,NA,NA
T2,High,Low,4,199_1,199,3502,2,255,NA,NA,NA,NA,NA,NA,NA,NA,NA,NA,104.8544068,0.476470588,0,0,0,4_T2,2.359146086,0.702305296,NA,NA,NA
T2,High,Low,4,303_8,303,3570,1,225,NA,NA,NA,NA,NA,NA,NA,NA,NA,NA,114.9213486,0.424749164,0,0,0,4_T2,2.198575949,0.687360871,NA,NA,NA
T2,High,Low,4,83_1,83,2994,2,255,NA,NA,NA,NA,NA,NA,NA,NA,NA,NA,NA,NA,0,0,0,4_T2,NA,NA,NA,NA,NA
T2,High,Low,4,189_1,189,3273,2,255,NA,NA,NA,NA,NA,NA,NA,NA,NA,NA,NA,NA,0,0,0,4_T2,NA,NA,NA,NA,NA
T2,High,Low,4,214_7,214,2693.59,2,255,NA,NA,NA,NA,NA,NA,NA,NA,NA,NA,NA,NA,0,0,0,4_T2,NA,NA,NA,NA,NA
T2,High,Low,4,91_2,91,2910,2,259,229,245,157,NA,NA,NA,NA,NA,NA,NA,85.05465523,0.512027491,1,9,430.6,4_T2,2.074468085,0.674740484,23,16,157
T2,High,Low,4,49_2,49,2935,1,230,NA,NA,NA,NA,NA,NA,NA,NA,NA,NA,NA,NA,0,0,0,4_T2,NA,NA,NA,NA,NA
T2,High,Low,4,56_3,56,3132,2,265,NA,NA,NA,NA,NA,NA,NA,NA,NA,NA,NA,NA,0,0,0,4_T2,NA,NA,NA,NA,NA
T2,High,Low,4,199_1,199,3502,2,255,NA,NA,NA,NA,NA,NA,NA,NA,NA,NA,NA,NA,0,0,0,4_T2,NA,NA,NA,NA,NA
T2,High,Low,4,185_2,185,3411,2,255,268,284,51,NA,NA,NA,NA,NA,NA,NA,101.7923183,0.589285714,1,10,157.1,4_T2,1.916269368,0.657096148,58,16,51
T2,High,Low,4,257_2,257,2754.1728,1,230,NA,NA,NA,NA,NA,NA,NA,NA,NA,NA,NA,NA,0,0,0,4_T2,NA,NA,NA,NA,NA
T2,High,Low,4,162_2,162,3055,2,255,234,NA,219,NA,NA,NA,NA,NA,NA,NA,116.621755,0.541322314,1,8,399.2,4_T2,1.245230924,0.554611515,24,NA,219
T2,High,Low,4,262_3,262,2717.292,1,235,NA,NA,NA,NA,NA,NA,NA,NA,NA,NA,NA,NA,0,0,0,4_T2,NA,NA,NA,NA,NA
T2,High,Low,4,199_1,199,3502,2,259,235,245,113,NA,NA,NA,NA,NA,NA,NA,86.72560856,0.518691589,1,5,236.3,4_T2,3.625,0.783783784,29,10,113
T2,High,Low,4,213_1,213,2789.81,1,227,NA,NA,NA,NA,NA,NA,NA,NA,NA,NA,NA,NA,0,0,0,4_T2,NA,NA,NA,NA,NA
T2,High,Low,4,270_10,270,2553,1,225,NA,NA,NA,NA,NA,NA,NA,NA,NA,NA,NA,NA,0,0,0,4_T2,NA,NA,NA,NA,NA
T2,High,Low,4,151_3,151,2975,1,235,NA,NA,NA,NA,NA,NA,NA,NA,NA,NA,NA,NA,0,0,0,4_T2,NA,NA,NA,NA,NA
T2,High,Low,4,158_2,158,3004,1,235,NA,NA,NA,NA,NA,NA,NA,NA,NA,NA,NA,NA,0,0,0,4_T2,NA,NA,NA,NA,NA
T2,High,Low,4,48_2,48,2951,1,227,NA,NA,NA,NA,NA,NA,NA,NA,NA,NA,NA,NA,0,0,0,4_T2,NA,NA,NA,NA,NA
T2,High,Low,4,188_2,188,3126,1,230,NA,NA,NA,NA,NA,NA,NA,NA,NA,NA,NA,NA,0,0,0,4_T2,NA,NA,NA,NA,NA
T2,High,Low,4,250_16,250,3133,2,255,230,236,69,NA,NA,NA,NA,NA,NA,NA,78.88332395,0.574879227,1,5,261,4_T2,1.474311243,0.595847126,20,6,69
T2,High,Low,4,257_2,257,2754.1728,1,230,NA,NA,NA,NA,NA,NA,NA,NA,NA,NA,NA,NA,0,0,0,4_T2,NA,NA,NA,NA,NA
T2,High,Low,4,56_3,56,3132,2,265,NA,NA,NA,NA,NA,NA,NA,NA,NA,NA,NA,NA,0,0,0,4_T2,NA,NA,NA,NA,NA
T2,High,Low,4,250_28,250,3133,2,255,231,249,59,49,NA,NA,NA,NA,NA,NA,94.01018045,0.485294118,1,8,273.1,4_T2,1.412973961,0.585573646,21,18,108
T2,High,Low,4,269_15,269,2800,1,227,257,312,53,NA,NA,NA,NA,NA,NA,NA,77.66272571,0.608695652,1,13,397.7,4_T2,1.953592814,0.661429295,19,55,53
T2,High,Low,4,188_2,188,3126,1,230,NA,NA,NA,NA,NA,NA,NA,NA,NA,NA,NA,NA,0,0,0,4_T2,NA,NA,NA,NA,NA
T2,High,Low,4,83_1,83,2994,2,255,NA,NA,NA,NA,NA,NA,NA,NA,NA,NA,NA,NA,0,0,0,4_T2,NA,NA,NA,NA,NA
T2,High,Low,4,211_13A,211,3121.58,1,225,NA,NA,NA,NA,NA,NA,NA,NA,NA,NA,NA,NA,0,0,0,4_T2,NA,NA,NA,NA,NA
T2,High,Low,4,48_2,48,2951,1,227,NA,NA,NA,NA,NA,NA,NA,NA,NA,NA,NA,NA,0,0,0,4_T2,NA,NA,NA,NA,NA
T2,High,Low,4,91_2,91,2910,2,259,237,280,122,NA,NA,NA,NA,NA,NA,NA,105.9630663,0.543209877,1,8,229.1,4_T2,1.167142404,0.538562857,31,43,122
T2,High,Low,4,262_3,262,2717.292,1,235,NA,NA,NA,NA,NA,NA,NA,NA,NA,NA,NA,NA,0,0,0,4_T2,NA,NA,NA,NA,NA
T2,High,Low,4,157_3,157,3004,1,230,NA,NA,NA,NA,NA,NA,NA,NA,NA,NA,NA,NA,0,0,0,4_T2,NA,NA,NA,NA,NA
T2,High,Low,4,259_19C,259,2759.964,1,244,NA,NA,NA,NA,NA,NA,NA,NA,NA,NA,NA,NA,0,0,0,4_T2,NA,NA,NA,NA,NA
T2,High,Low,4,185_2,185,3411,2,255,NA,NA,NA,NA,NA,NA,NA,NA,NA,NA,NA,NA,0,0,0,4_T2,NA,NA,NA,NA,NA
T2,High,Low,4,270_10,270,2553,1,227,260,277,53,NA,NA,NA,NA,NA,NA,NA,80.12048795,0.56281407,1,6,190.7,4_T2,1.537515006,0.605913661,22,17,53
T2,High,Low,4,91_2,91,2910,2,259,240,312,182,NA,NA,NA,NA,NA,NA,NA,87.32886956,0.525096525,1,9,254.9,4_T2,1.852789256,0.64946587,34,72,182
T2,High,Low,4,157_3,157,3004,1,230,258,264,162,NA,NA,NA,NA,NA,NA,NA,112.6151543,0.525714286,1,0,0,4_T2,NA,0.70158232,23,6,162
T2,High,Low,4,262_3,262,2717.292,1,235,NA,NA,NA,NA,NA,NA,NA,NA,NA,NA,NA,NA,0,0,0,4_T2,NA,NA,NA,NA,NA
T2,High,Low,4,81_1,81,3095,1,235,NA,NA,NA,NA,NA,NA,NA,NA,NA,NA,86.12228754,0.814285714,0,0,0,4_T2,3.680100756,0.786329386,NA,NA,NA
T2,High,Low,4,157_3,157,3004,1,230,NA,NA,NA,NA,NA,NA,NA,NA,NA,NA,NA,NA,0,0,0,4_T2,NA,NA,NA,NA,NA
T2,High,Low,4,211_13A,211,3121.58,1,225,NA,NA,NA,NA,NA,NA,NA,NA,NA,NA,NA,NA,0,0,0,4_T2,NA,NA,NA,NA,NA
T2,High,Low,4,107_4,107,3091,1,230,266,324,79,NA,NA,NA,NA,NA,NA,NA,69.43079779,0.472727273,1,3,132.2,4_T2,1.285882353,0.562532167,31,58,79
T2,High,Low,4,253_9,253,3460,1,230,253,293,88,NA,NA,NA,NA,NA,NA,NA,108.9739045,0.394230769,1,26,735.6,4_T2,1.266197596,0.558732212,18,40,88
T2,High,Low,4,211_13A,211,3121.58,1,225,258,279,107,NA,NA,NA,NA,NA,NA,NA,114.1559208,0.566878981,1,10,515.8,4_T2,1.261064785,0.557730496,18,21,107
T2,High,Low,4,328_2,328,3660,1,227,NA,NA,NA,NA,NA,NA,NA,NA,NA,NA,NA,NA,0,0,0,4_T2,NA,NA,NA,NA,NA
T2,High,Low,4,49_2,49,2935,1,230,NA,NA,NA,NA,NA,NA,NA,NA,NA,NA,NA,NA,0,0,0,4_T2,NA,NA,NA,NA,NA
T2,High,Low,4,81_1,81,3095,1,235,NA,NA,NA,NA,NA,NA,NA,NA,NA,NA,NA,NA,0,0,0,4_T2,NA,NA,NA,NA,NA
T2,High,Low,4,210_3,210,3161.3,2,255,NA,NA,NA,NA,NA,NA,NA,NA,NA,NA,NA,NA,0,0,0,4_T2,NA,NA,NA,NA,NA
T2,High,Low,4,189_1,189,3273,2,255,NA,NA,NA,NA,NA,NA,NA,NA,NA,NA,NA,NA,0,0,0,4_T2,NA,NA,NA,NA,NA
T2,High,Low,4,66_4,66,2940,1,225,NA,NA,NA,NA,NA,NA,NA,NA,NA,NA,NA,NA,0,0,0,4_T2,NA,NA,NA,NA,NA
T2,High,Low,4,253_9,253,3460,1,227,258,296,100,NA,NA,NA,NA,NA,NA,NA,128.2439842,0.434782609,1,24,546.43,4_T2,1.32119586,0.569187583,20,38,100
T2,High,Low,4,199_1,199,3502,2,255,NA,NA,NA,NA,NA,NA,NA,NA,NA,NA,NA,NA,0,0,0,4_T2,NA,NA,NA,NA,NA
T2,High,Low,4,267_12,267,2498.61,2,259,NA,NA,NA,NA,NA,NA,NA,NA,NA,NA,64.90114255,0.503378378,0,0,0,4_T2,1.71675485,0.631913789,NA,NA,NA
T2,High,Low,4,158_2,158,3004,2,248,242,291,296,NA,NA,NA,NA,NA,NA,NA,76.94520466,0.707446809,1,36,821.6,4_T2,1.381767516,0.580143741,25,49,296
T2,High,Low,4,270_10,270,2553,1,230,NA,NA,NA,NA,NA,NA,NA,NA,NA,NA,NA,NA,0,0,0,4_T2,NA,NA,NA,NA,NA
T2,High,Low,4,86_2,86,2880,1,230,NA,NA,NA,NA,NA,NA,NA,NA,NA,NA,83.59452592,0.591639871,0,14,363.1,4_T2,1.40934802,0.584949957,NA,NA,NA
T2,High,Low,4,199_1,199,3502,2,255,NA,NA,NA,NA,NA,NA,NA,NA,NA,NA,NA,NA,0,0,0,4_T2,NA,NA,NA,NA,NA
T2,High,Low,4,188_2,188,3126,1,230,NA,NA,NA,NA,NA,NA,NA,NA,NA,NA,NA,NA,0,0,0,4_T2,NA,NA,NA,NA,NA
T2,High,Low,4,250_16,250,3133,2,255,NA,NA,NA,NA,NA,NA,NA,NA,NA,NA,NA,NA,0,0,0,4_T2,NA,NA,NA,NA,NA
T2,High,Low,4,48_2,48,2951,1,227,NA,NA,NA,NA,NA,NA,NA,NA,NA,NA,NA,NA,0,0,0,4_T2,NA,NA,NA,NA,NA
T2,High,Low,4,188_2,188,3126,1,230,NA,NA,NA,NA,NA,NA,NA,NA,NA,NA,NA,NA,0,0,0,4_T2,NA,NA,NA,NA,NA
T2,High,Low,5,253_9,253,3460,1,227,NA,NA,NA,NA,NA,NA,NA,NA,NA,NA,112.182124,0.151371807,0,0,0,5_T2,2.37540107,0.70373891,NA,NA,NA
T2,High,Low,5,211_13A,211,3121.58,1,225,NA,NA,NA,NA,NA,NA,NA,NA,NA,NA,73.36063035,0.281657713,0,0,0,5_T2,1.986117997,0.665117051,NA,NA,NA
T2,High,Low,5,211_13A,211,3121.58,1,225,288,291,122,NA,NA,NA,NA,NA,NA,NA,96.30884833,0.189542484,1,8,289.6,5_T2,NA,NA,48,3,122
T2,High,Low,5,262_3,262,2717.292,1,235,NA,NA,NA,NA,NA,NA,NA,NA,NA,NA,NA,NA,0,0,0,5_T2,NA,NA,NA,NA,NA
T2,High,Low,5,269_15,269,2800,1,227,257,324,63,52,NA,NA,NA,NA,NA,NA,79.09883727,0.159776536,1,23,451.88,5_T2,1.813770795,0.644605025,19,67,115
T2,High,Low,5,162_2,162,3055,2,255,243,NA,224,NA,NA,NA,NA,NA,NA,NA,104.2242035,0.191950464,1,9,229.1,5_T2,1.155468515,0.536063741,33,NA,224
T2,High,Low,5,49_2,49,2935,1,230,NA,NA,NA,NA,NA,NA,NA,NA,NA,NA,NA,NA,0,0,0,5_T2,NA,NA,NA,NA,NA
T2,High,Low,5,185_2,185,3411,2,255,241,316,76,NA,NA,NA,NA,NA,NA,NA,89.94983497,0.178719008,1,32,950.78,5_T2,2.276030534,0.69475254,31,75,76
T2,High,Low,5,162_2,162,3055,2,255,NA,NA,NA,NA,NA,NA,NA,NA,NA,NA,NA,NA,0,0,0,5_T2,NA,NA,NA,NA,NA
T2,High,Low,5,157_3,157,3004,1,230,NA,NA,NA,NA,NA,NA,NA,NA,NA,NA,97.53267069,0.172310757,0,0,0,5_T2,2.26584022,0.693800084,NA,NA,NA
T2,High,Low,5,157_3,157,3004,2,259,NA,NA,NA,NA,NA,NA,NA,NA,NA,NA,NA,NA,0,0,0,5_T2,NA,NA,NA,NA,NA
T2,High,Low,5,273_18C,273,2710,2,259,NA,NA,NA,NA,NA,NA,NA,NA,NA,NA,NA,NA,0,0,0,5_T2,NA,NA,NA,NA,NA
T2,High,Low,5,253_9,253,3460,1,227,260,289,41,NA,NA,NA,NA,NA,NA,NA,116.5283741,0.156912638,1,11,234.46,5_T2,1.272200772,0.559898046,22,29,41
T2,High,Low,5,214_7,214,2693.59,2,255,NA,NA,NA,NA,NA,NA,NA,NA,NA,NA,NA,NA,0,0,0,5_T2,NA,NA,NA,NA,NA
T2,High,Low,5,214_7,214,2693.59,2,255,NA,NA,NA,NA,NA,NA,NA,NA,NA,NA,NA,NA,0,0,0,5_T2,NA,NA,NA,NA,NA
T2,High,Low,5,209_5,209,2721.21,2,259,NA,NA,NA,NA,NA,NA,NA,NA,NA,NA,NA,NA,0,0,0,5_T2,NA,NA,NA,NA,NA
T2,High,Low,5,303_8,303,3570,1,225,259,307,41,NA,NA,NA,NA,NA,NA,NA,90.88717555,0.255506608,1,23,543.11,5_T2,1.210632765,0.547640831,19,48,41
T2,High,Low,5,213_1,213,2789.81,1,227,NA,NA,NA,NA,NA,NA,NA,NA,NA,NA,NA,NA,0,0,0,5_T2,NA,NA,NA,NA,NA
T2,High,Low,5,91_2,91,2910,2,259,233,331,217,NA,NA,NA,NA,NA,NA,NA,108.6391291,0.098859316,1,16,669.46,5_T2,1.482680479,0.597209545,27,98,217
T2,High,Low,5,66_4,66,2940,1,225,NA,NA,NA,NA,NA,NA,NA,NA,NA,NA,78.71534904,0.227870289,0,0,0,5_T2,2.39505618,0.705454064,NA,NA,NA
T2,High,Low,5,91_2,91,2910,2,259,NA,NA,NA,NA,NA,NA,NA,NA,NA,NA,NA,NA,0,0,0,5_T2,NA,NA,NA,NA,NA
T2,High,Low,5,81_1,81,3095,1,235,NA,NA,NA,NA,NA,NA,NA,NA,NA,NA,NA,NA,0,0,0,5_T2,NA,NA,NA,NA,NA
T2,High,Low,5,102_5,102,3072,1,230,NA,NA,NA,NA,NA,NA,NA,NA,NA,NA,NA,NA,0,0,0,5_T2,NA,NA,NA,NA,NA
T2,High,Low,5,107_4,107,3091,1,230,NA,NA,NA,NA,NA,NA,NA,NA,NA,NA,99.09178147,0.124597207,0,0,0,5_T2,1.069211196,0.516724053,NA,NA,NA
T2,High,Low,5,209_5,209,2721.21,2,259,NA,NA,NA,NA,NA,NA,NA,NA,NA,NA,NA,NA,0,0,0,5_T2,NA,NA,NA,NA,NA
T2,High,Low,5,253_9,253,3460,1,227,260,289,64,NA,NA,NA,NA,NA,NA,NA,95.8612058,0.159067882,1,16,393.7,5_T2,1.551580203,0.608086001,22,29,64
T2,High,Low,5,66_4,66,2940,1,225,NA,NA,NA,NA,NA,NA,NA,NA,NA,NA,NA,NA,0,0,0,5_T2,NA,NA,NA,NA,NA
T2,High,Low,5,162_2,_246,3055,2,255,241,286,55,NA,NA,NA,NA,NA,NA,NA,85.0126121,0.169546436,1,0,0,5_T2,1.732066217,0.633976661,31,45,55
T2,High,Low,5,66_4,66,2940,1,225,NA,NA,NA,NA,NA,NA,NA,NA,NA,NA,109.2390413,0.151394422,0,0,0,5_T2,1.098055105,0.523368096,NA,NA,NA
T2,High,Low,5,273_18C,273,2710,2,259,NA,NA,NA,NA,NA,NA,NA,NA,NA,NA,NA,NA,0,0,0,5_T2,NA,NA,NA,NA,NA
T2,High,Low,5,102_5,102,3072,1,230,NA,NA,NA,NA,NA,NA,NA,NA,NA,NA,NA,NA,0,0,0,5_T2,NA,NA,NA,NA,NA
T2,High,Low,5,211_13A,211,3121.58,1,225,NA,NA,NA,NA,NA,NA,NA,NA,NA,NA,NA,NA,0,0,0,5_T2,NA,NA,NA,NA,NA
T2,High,Low,5,1_3,1,2989,1,244,NA,NA,NA,NA,NA,NA,NA,NA,NA,NA,NA,NA,0,0,0,5_T2,NA,NA,NA,NA,NA
T2,High,Low,5,154_5,154,2992,2,259,NA,NA,NA,NA,NA,NA,NA,NA,NA,NA,NA,NA,0,0,0,5_T2,NA,NA,NA,NA,NA
T2,High,Low,5,199_1,199,3502,2,255,NA,NA,NA,NA,NA,NA,NA,NA,NA,NA,NA,NA,0,0,0,5_T2,NA,NA,NA,NA,NA
T2,High,Low,5,250_28,250,3133,2,265,NA,NA,NA,NA,NA,NA,NA,NA,NA,NA,NA,NA,0,0,0,5_T2,NA,NA,NA,NA,NA
T2,High,Low,5,102_5,102,3072,1,230,NA,NA,NA,NA,NA,NA,NA,NA,NA,NA,NA,NA,0,0,0,5_T2,NA,NA,NA,NA,NA
T2,High,Low,5,255_28,255,3341.67,2,255,NA,NA,NA,NA,NA,NA,NA,NA,NA,NA,NA,NA,0,0,0,5_T2,NA,NA,NA,NA,NA
T2,High,Low,5,154_5,154,2992,2,259,NA,NA,NA,NA,NA,NA,NA,NA,NA,NA,NA,NA,0,0,0,5_T2,NA,NA,NA,NA,NA
T2,High,Low,5,102_5,102,3072,1,230,NA,NA,NA,NA,NA,NA,NA,NA,NA,NA,NA,NA,0,0,0,5_T2,NA,NA,NA,NA,NA
T2,High,Low,5,253_9,253,3460,1,227,257,277,53,NA,NA,NA,NA,NA,NA,NA,115.4422858,0.153424658,1,13,359.7,5_T2,1.141139241,0.532958912,19,20,53
T2,High,Low,5,212_7,212,3131,1,230,NA,NA,NA,NA,NA,NA,NA,NA,NA,NA,NA,NA,0,0,0,5_T2,NA,NA,NA,NA,NA
T2,High,Low,5,212_7,212,3131,1,235,255,281,67,NA,NA,NA,NA,NA,NA,NA,110.4502408,0.107784431,1,11,196.6,5_T2,0.770542636,0.435201401,25,26,67
T2,High,Low,5,162_2,162,3055,2,255,NA,NA,NA,NA,NA,NA,NA,NA,NA,NA,NA,NA,0,0,0,5_T2,NA,NA,NA,NA,NA
T2,High,Low,5,255_28,255,3341.67,2,255,NA,NA,NA,NA,NA,NA,NA,NA,NA,NA,NA,NA,0,0,0,5_T2,NA,NA,NA,NA,NA
T2,High,Low,6,189_1,189,3273,2,255,NA,NA,NA,NA,NA,NA,NA,NA,NA,NA,NA,NA,0,0,0,6_T2,NA,NA,NA,NA,NA
T2,High,Low,6,328_2,328,3660,1,227,NA,NA,NA,NA,NA,NA,NA,NA,NA,NA,NA,NA,0,0,0,6_T2,NA,NA,NA,NA,NA
T2,High,Low,6,188_2,188,3126,1,230,NA,NA,NA,NA,NA,NA,NA,NA,NA,NA,NA,NA,0,0,0,6_T2,NA,NA,NA,NA,NA
T2,High,Low,6,255_28,255,3341.67,2,255,NA,NA,NA,NA,NA,NA,NA,NA,NA,NA,NA,NA,0,0,0,6_T2,NA,NA,NA,NA,NA
T2,High,Low,6,273_18C,273,2710,2,259,NA,NA,NA,NA,NA,NA,NA,NA,NA,NA,NA,NA,0,0,0,6_T2,NA,NA,NA,NA,NA
T2,High,Low,6,250_28,250,3133,2,267,NA,NA,NA,NA,NA,NA,NA,NA,NA,NA,NA,NA,0,0,0,6_T2,NA,NA,NA,NA,NA
T2,High,Low,6,211_13A,211,3121.58,1,225,259,279,45,NA,NA,NA,NA,NA,NA,NA,132.172619,0.370967742,1,8,352.6,6_T2,1.683340777,0.627330226,19,20,45
T2,High,Low,6,98_7,98,3011,2,255,NA,NA,NA,NA,NA,NA,NA,NA,NA,NA,NA,NA,0,0,0,6_T2,NA,NA,NA,NA,NA
T2,High,Low,6,199_1,199,3502,2,255,NA,NA,NA,NA,NA,NA,NA,NA,NA,NA,101.9629962,0.294392523,0,0,0,6_T2,2.377393453,0.70391368,NA,NA,NA
T2,High,Low,6,269_15,269,2800,1,227,256,261,62,NA,NA,NA,NA,NA,NA,NA,67.59125885,0.4030837,1,4,165.8,6_T2,2.121940928,0.679686444,18,5,62
T2,High,Low,6,213_1,213,2789.81,1,227,NA,NA,NA,NA,NA,NA,NA,NA,NA,NA,NA,NA,0,0,0,6_T2,NA,NA,NA,NA,NA
T2,High,Low,6,162_2,162,3055,2,255,234,268,116,NA,NA,NA,NA,NA,NA,NA,96.96479969,0.383233533,1,13,350.2,6_T2,1.294350842,0.564146868,24,34,116
T2,High,Low,6,214_7,214,2693.59,2,255,NA,NA,NA,NA,NA,NA,NA,NA,NA,NA,NA,NA,0,0,0,6_T2,NA,NA,NA,NA,NA
T2,High,Low,6,194_2,194,3108,1,225,NA,NA,NA,NA,NA,NA,NA,NA,NA,NA,NA,NA,0,0,0,6_T2,NA,NA,NA,NA,NA
T2,High,Low,6,211_13A,211,3121.58,1,225,266,279,57,NA,NA,NA,NA,NA,NA,NA,95.69911611,0.43315508,1,7,262.1,6_T2,1.713167587,0.631427117,26,13,57
T2,High,Low,6,86_2,86,2880,1,230,NA,NA,NA,NA,NA,NA,NA,NA,NA,NA,116.8226086,0.316883117,0,0,0,6_T2,3.389124294,0.772164119,NA,NA,NA
T2,High,Low,6,213_1,213,2789.81,1,230,NA,NA,NA,NA,NA,NA,NA,NA,NA,NA,NA,NA,0,0,0,6_T2,NA,NA,NA,NA,NA
T2,High,Low,6,107_4,107,3091,1,230,NA,NA,NA,NA,NA,NA,NA,NA,NA,NA,64.34625474,0.367198839,0,0,0,6_T2,2.619952494,0.723753281,NA,NA,NA
T2,High,Low,6,303_8,303,3570,1,225,259,298,66,NA,NA,NA,NA,NA,NA,NA,152.3171608,0.292016807,1,17,530.1,6_T2,1.137232846,0.532105263,19,39,66
T2,High,Low,6,250_16,250,3133,2,267,NA,NA,NA,NA,NA,NA,NA,NA,NA,NA,NA,NA,0,0,0,6_T2,NA,NA,NA,NA,NA
T2,High,Low,6,189_1,189,3273,2,255,NA,NA,NA,NA,NA,NA,NA,NA,NA,NA,NA,NA,0,0,0,6_T2,NA,NA,NA,NA,NA
T2,High,Low,6,194_2,194,3108,1,225,NA,NA,NA,NA,NA,NA,NA,NA,NA,NA,103.4682807,0.380952381,0,0,0,6_T2,1.038926682,0.509545876,NA,NA,NA
T2,High,Low,6,273_18C,273,2710,2,259,NA,NA,NA,NA,NA,NA,NA,NA,NA,NA,NA,NA,0,0,0,6_T2,NA,NA,NA,NA,NA
T2,High,Low,6,189_1,189,3273,2,255,NA,NA,NA,NA,NA,NA,NA,NA,NA,NA,NA,NA,0,0,0,6_T2,NA,NA,NA,NA,NA
T2,High,Low,6,185_2,185,3411,2,255,NA,NA,NA,NA,NA,NA,NA,NA,NA,NA,NA,NA,0,0,0,6_T2,NA,NA,NA,NA,NA
T2,High,Low,6,189_1,189,3273,2,255,NA,NA,NA,NA,NA,NA,NA,NA,NA,NA,NA,NA,0,0,0,6_T2,NA,NA,NA,NA,NA
T2,High,Low,6,189_1,189,3273,2,255,NA,NA,NA,NA,NA,NA,NA,NA,NA,NA,NA,NA,0,0,0,6_T2,NA,NA,NA,NA,NA
T2,High,Low,6,48_2,48,2951,1,227,NA,NA,NA,NA,NA,NA,NA,NA,NA,NA,NA,NA,0,0,0,6_T2,NA,NA,NA,NA,NA
T2,High,Low,6,253_9,253,3460,1,230,257,293,62,NA,NA,NA,NA,NA,NA,NA,137.0556918,0.245746692,1,20,397.1,6_T2,1.017301038,0.504288165,22,36,62
T2,High,Low,6,213_1,213,2789.81,1,230,NA,NA,NA,NA,NA,NA,NA,NA,NA,NA,NA,NA,0,0,0,6_T2,NA,NA,NA,NA,NA
T2,High,Low,6,269_15,269,2800,1,227,264,353,59,NA,NA,NA,NA,NA,NA,NA,68.73769222,0.65060241,1,16,318.8,6_T2,1.512278978,0.601955034,26,89,59
T2,High,Low,6,209_5,209,2721.21,2,259,232,264,170,NA,NA,NA,NA,NA,NA,NA,93.97490968,0.635451505,1,16,480.8,6_T2,1.960356484,0.662202844,26,32,170
T2,High,Low,6,154_5,154,2992,2,266,NA,NA,NA,NA,NA,NA,NA,NA,NA,NA,NA,NA,0,0,0,6_T2,NA,NA,NA,NA,NA
T2,High,Low,6,199_1,199,3502,2,259,235,292,89,70,NA,NA,NA,NA,NA,NA,90.06042566,0.55952381,1,10,296,6_T2,1.593838863,0.61447104,29,57,159
T2,High,Low,6,102_5,102,3072,1,230,NA,NA,NA,NA,NA,NA,NA,NA,NA,NA,NA,NA,0,0,0,6_T2,NA,NA,NA,NA,NA
T2,High,Low,6,48_2,48,2951,1,227,NA,NA,NA,NA,NA,NA,NA,NA,NA,NA,NA,NA,0,0,0,6_T2,NA,NA,NA,NA,NA
T2,High,Low,7,194_2,194,3108,1,225,NA,NA,NA,NA,NA,NA,NA,NA,NA,NA,NA,NA,0,0,0,7_T2,NA,NA,NA,NA,NA
T2,High,Low,7,154_5,154,2992,2,266,NA,NA,NA,NA,NA,NA,NA,NA,NA,NA,NA,NA,0,0,0,7_T2,NA,NA,NA,NA,NA
T2,High,Low,7,91_2,91,2910,2,259,NA,NA,NA,NA,NA,NA,NA,NA,NA,NA,NA,NA,0,0,0,7_T2,NA,NA,NA,NA,NA
T2,High,Low,7,273_18C,273,2710,2,259,NA,NA,NA,NA,NA,NA,NA,NA,NA,NA,NA,NA,0,0,0,7_T2,NA,NA,NA,NA,NA
T2,High,Low,7,81_1,81,3095,2,265,224,NA,111,NA,NA,NA,NA,NA,NA,NA,123.3297397,0.347826087,1,19,473.82,7_T2,2.57684384,0.720423914,24,NA,111
T2,High,Low,7,157_3,157,3004,2,259,NA,NA,NA,NA,NA,NA,NA,NA,NA,NA,NA,NA,0,0,0,7_T2,NA,NA,NA,NA,NA
T2,High,Low,7,157_3,157,3004,2,259,NA,NA,NA,NA,NA,NA,NA,NA,NA,NA,NA,NA,0,0,0,7_T2,NA,NA,NA,NA,NA
T2,High,Low,7,189_1,189,3273,2,255,NA,NA,NA,NA,NA,NA,NA,NA,NA,NA,NA,NA,0,0,0,7_T2,NA,NA,NA,NA,NA
T2,High,Low,7,86_2,86,2880,1,230,NA,NA,NA,NA,NA,NA,NA,NA,NA,NA,NA,NA,0,0,0,7_T2,NA,NA,NA,NA,NA
T2,High,Low,7,98_7,98,3011,2,255,NA,NA,NA,NA,NA,NA,NA,NA,NA,NA,102.781505,0.350689127,0,0,0,7_T2,2.699933906,0.729724902,NA,NA,NA
T2,High,Low,7,303_8,303,3570,1,225,279,314,44,NA,NA,NA,NA,NA,NA,NA,128.267879,0.3,1,21,506.2,7_T2,2.308863513,0.69778143,39,35,44
T2,High,Low,7,81_1,81,3095,2,267,NA,NA,NA,NA,NA,NA,NA,NA,NA,NA,NA,NA,0,0,0,7_T2,NA,NA,NA,NA,NA
T2,High,Low,7,250_28,250,3133,2,270,NA,NA,NA,NA,NA,NA,NA,NA,NA,NA,NA,NA,0,0,0,7_T2,NA,NA,NA,NA,NA
T2,High,Low,7,273_18C,273,2710,2,259,NA,NA,NA,NA,NA,NA,NA,NA,NA,NA,NA,NA,0,0,0,7_T2,NA,NA,NA,NA,NA
T2,High,Low,7,83_1,83,2994,2,255,NA,NA,NA,NA,NA,NA,NA,NA,NA,NA,NA,NA,0,0,0,7_T2,NA,NA,NA,NA,NA
T2,High,Low,7,48_2,48,2951,1,230,NA,NA,NA,NA,NA,NA,NA,NA,NA,NA,NA,NA,0,0,0,7_T2,1.794623182,0.642170005,NA,NA,NA
T2,High,Low,7,194_2,194,3108,1,227,274,314,72,NA,NA,NA,NA,NA,NA,NA,118.6311091,0.389175258,1,20,552.4,7_T2,2.48325673,0.712912347,36,40,72
T2,High,Low,7,107_4,107,3091,1,230,266,274,121,NA,NA,NA,NA,NA,NA,NA,66.24212744,0.369527145,1,3,94.7,7_T2,0.954557823,0.488375331,31,8,121
T2,High,Low,7,269_15,269,2800,1,227,NA,NA,NA,NA,NA,NA,NA,NA,NA,NA,NA,NA,0,0,0,7_T2,NA,NA,NA,NA,NA
T2,High,Low,7,157_3,157,3004,2,259,NA,NA,NA,NA,NA,NA,NA,NA,NA,NA,NA,NA,0,0,0,7_T2,NA,NA,NA,NA,NA
T2,High,Low,7,162_2,162,3055,2,255,NA,NA,NA,NA,NA,NA,NA,NA,NA,NA,NA,NA,0,0,0,7_T2,NA,NA,NA,NA,NA
T2,High,Low,7,157_3,157,3004,2,259,NA,NA,NA,NA,NA,NA,NA,NA,NA,NA,NA,NA,0,0,0,7_T2,NA,NA,NA,NA,NA
T2,High,Low,7,269_15,269,2800,1,227,255,324,61,NA,NA,NA,NA,NA,NA,NA,71.03160363,0.399408284,1,26,480.3,7_T2,2.179207921,0.685456244,17,69,61
T2,High,Low,7,107_4,107,3091,1,230,NA,NA,NA,NA,NA,NA,NA,NA,NA,NA,82.13022058,0.353211009,0,0,0,7_T2,1.822788606,0.645740387,NA,NA,NA
T2,High,Low,7,83_1,83,2994,2,255,NA,NA,NA,NA,NA,NA,NA,NA,NA,NA,NA,NA,0,0,0,7_T2,NA,NA,NA,NA,NA
T2,High,Low,7,255_28,255,3341.67,2,255,NA,NA,NA,NA,NA,NA,NA,NA,NA,NA,NA,NA,0,0,0,7_T2,NA,NA,NA,NA,NA
T2,High,Low,7,328_2,328,3660,1,227,257,310,46,NA,NA,NA,NA,NA,NA,NA,95.32884372,0.327913279,1,9,243.9,7_T2,1.786516854,0.641129032,19,53,46
T2,High,Low,7,214_7,214,2693.59,2,255,NA,NA,NA,NA,NA,NA,NA,NA,NA,NA,NA,NA,0,0,0,7_T2,NA,NA,NA,NA,NA
T2,High,Low,7,273_18C,273,2710,2,259,NA,NA,NA,NA,NA,NA,NA,NA,NA,NA,NA,NA,0,0,0,7_T2,NA,NA,NA,NA,NA
T2,High,Low,7,255_28,255,3341.67,2,255,NA,NA,NA,NA,NA,NA,NA,NA,NA,NA,NA,NA,0,0,0,7_T2,NA,NA,NA,NA,NA
T2,High,Low,7,194_2,194,3108,1,227,267,277,101,NA,NA,NA,NA,NA,NA,NA,126.9715801,0.361445783,1,5,200.4,7_T2,1.52729581,0.604320161,29,10,101
T2,High,Low,7,199_1,199,3502,2,259,NA,NA,NA,NA,NA,NA,NA,NA,NA,NA,94.86383317,0.336749634,0,0,0,7_T2,2.158386412,0.68338263,NA,NA,NA
T2,High,Low,7,303_8,303,3570,1,225,NA,NA,NA,NA,NA,NA,NA,NA,NA,NA,119.2707424,0.299748111,0,0,0,7_T2,1.344423906,0.573455979,NA,NA,NA
T2,High,Low,7,199_1,199,3502,2,259,237,251,127,NA,NA,NA,NA,NA,NA,NA,97.79897187,0.336162988,1,7,328.26,7_T2,1.884808013,0.653356481,31,14,127
T2,High,Low,7,86_2,86,2880,1,230,NA,NA,NA,NA,NA,NA,NA,NA,NA,NA,NA,NA,0,0,0,7_T2,NA,NA,NA,NA,NA
T2,High,Low,7,157_3,157,3004,2,259,245,280,131,128,NA,NA,NA,NA,NA,NA,114.1759758,0.316348195,1,26,419.28,7_T2,1.507604563,0.60121304,39,35,259
T2,High,Low,7,83_1,83,2994,2,255,NA,NA,NA,NA,NA,NA,NA,NA,NA,NA,NA,NA,0,0,0,7_T2,NA,NA,NA,NA,NA
T2,High,Low,7,214_7,214,2693.59,2,255,249,NA,293,NA,NA,NA,NA,NA,NA,NA,107.1591333,0.405864198,1,11,492.5,7_T2,4.799479167,0.827570723,39,NA,293
T2,High,Low,7,188_2,188,3126,1,230,NA,NA,NA,NA,NA,NA,NA,NA,NA,NA,NA,NA,0,0,0,7_T2,NA,NA,NA,NA,NA
T2,High,Low,7,328_2,328,3660,1,227,256,NA,51,NA,NA,NA,NA,NA,NA,NA,91.17103058,0.297029703,1,7,255.6,7_T2,0.427363001,0.299407369,18,NA,51
T2,High,Low,7,98_7,98,3011,2,255,NA,NA,NA,NA,NA,NA,NA,NA,NA,NA,NA,NA,0,0,0,7_T2,NA,NA,NA,NA,NA
T2,High,Low,8,162_2,162,3055,2,255,NA,NA,NA,NA,NA,NA,NA,NA,NA,NA,NA,NA,0,0,0,8_T2,NA,NA,NA,NA,NA
T2,High,Low,8,83_1,83,2994,2,255,NA,NA,NA,NA,NA,NA,NA,NA,NA,NA,NA,NA,0,0,0,8_T2,NA,NA,NA,NA,NA
T2,High,Low,8,213_1,213,2789.81,1,230,NA,NA,NA,NA,NA,NA,NA,NA,NA,NA,NA,NA,0,0,0,8_T2,NA,NA,NA,NA,NA
T2,High,Low,8,303_8,303,3570,1,225,NA,NA,NA,NA,NA,NA,NA,NA,NA,NA,124.9891225,0.360849057,0,0,0,8_T2,2.306319703,0.697548909,NA,NA,NA
T2,High,Low,8,83_1,83,2994,2,255,NA,NA,NA,NA,NA,NA,NA,NA,NA,NA,NA,NA,0,0,0,8_T2,NA,NA,NA,NA,NA
T2,High,Low,8,214_7,214,2693.59,2,267,NA,NA,NA,NA,NA,NA,NA,NA,NA,NA,NA,NA,0,0,0,8_T2,NA,NA,NA,NA,NA
T2,High,Low,8,303_8,303,3570,1,225,NA,NA,NA,NA,NA,NA,NA,NA,NA,NA,NA,NA,0,0,0,8_T2,NA,NA,NA,NA,NA
T3,Low,Low,1,154_5,154,2992,1,241,NA,NA,NA,NA,NA,NA,NA,NA,NA,NA,NA,NA,0,0,0,1_T3,NA,NA,NA,NA,NA
T3,Low,Low,1,252_4,252,3444,1,228,260,279,42,NA,NA,NA,NA,NA,NA,NA,121.126112,0.441558442,1,13,467.1,1_T3,1.282592025,0.561901562,23,19,42
T3,Low,Low,1,267_12,267,2498.61,1,235,NA,NA,NA,NA,NA,NA,NA,NA,NA,NA,NA,NA,0,0,0,1_T3,NA,NA,NA,NA,NA
T3,Low,Low,1,67_4,67,2903,1,228,NA,NA,NA,NA,NA,NA,NA,NA,NA,NA,NA,NA,0,0,0,1_T3,NA,NA,NA,NA,NA
T3,Low,Low,1,107_4,107,3091,1,228,276,288,62,NA,NA,NA,NA,NA,NA,NA,119.5997157,0.414473684,1,10,414.3,1_T3,1.591816367,0.614170196,39,12,62
T3,Low,Low,1,188_2,188,3126,1,228,NA,NA,NA,NA,NA,NA,NA,NA,NA,NA,NA,NA,0,0,0,1_T3,NA,NA,NA,NA,NA
T3,Low,Low,1,257_2,257,2754.1728,2,266,NA,NA,NA,NA,NA,NA,NA,NA,NA,NA,NA,NA,0,0,0,1_T3,NA,NA,NA,NA,NA
T3,Low,Low,1,269_15,269,2800,1,232,252,306,36,NA,NA,NA,NA,NA,NA,NA,139.4518084,0.286666667,1,19,511.4,1_T3,0.868312126,0.464757529,19,54,36
T3,Low,Low,1,66_4,66,2940,1,228,266,279,134,NA,NA,NA,NA,NA,NA,NA,101.9567564,0.452188006,1,9,480.8,1_T3,2.83979975,0.739569752,29,13,134
T3,Low,Low,1,270_10,270,2553,1,228,263,276,29,51,61,38,NA,NA,NA,NA,158.3565726,0.294520548,1,17,586.6,1_T3,2.775591864,0.735140864,26,13,179
T3,Low,Low,1,209_5,209,2721.21,2,260,NA,NA,NA,NA,NA,NA,NA,NA,NA,NA,NA,NA,0,0,0,1_T3,NA,NA,NA,NA,NA
T3,Low,Low,1,250_16,250,3133,2,260,NA,NA,NA,NA,NA,NA,NA,NA,NA,NA,NA,NA,0,0,0,1_T3,NA,NA,NA,NA,NA
T3,Low,Low,1,210_3,210,3161.3,2,260,228,244,61,NA,NA,NA,NA,NA,NA,NA,160.7973309,0.350943396,1,5,279.1,1_T3,1.147130647,0.534262155,23,16,61
T3,Low,Low,1,86_2,86,2880,1,228,NA,NA,NA,NA,NA,NA,NA,NA,NA,NA,NA,NA,0,0,0,1_T3,NA,NA,NA,NA,NA
T3,Low,Low,1,154_5,154,2992,2,260,NA,NA,NA,NA,NA,NA,NA,NA,NA,NA,NA,NA,0,0,0,1_T3,NA,NA,NA,NA,NA
T3,Low,Low,1,283_22,283,2890,1,231,257,308,58,NA,NA,NA,NA,NA,NA,NA,137.0409315,0.4125,1,3,121.3,1_T3,3.555223881,0.780471822,23,51,58
T3,Low,Low,1,107_4,107,3091,1,228,282,302,98,85,NA,NA,NA,NA,NA,NA,109.1843244,0.415178571,1,11,387.58,1_T3,1.470336391,0.595196831,45,20,183
T3,Low,Low,1,270_10,270,2553,1,228,260,276,59,NA,NA,NA,NA,NA,NA,NA,131.3815697,0.422077922,1,19,593.2,1_T3,2.472984206,0.712063188,23,16,59
T3,Low,Low,1,102_5,102,3072,1,228,NA,NA,NA,NA,NA,NA,NA,NA,NA,NA,NA,NA,0,0,0,1_T3,NA,NA,NA,NA,NA
T3,Low,Low,1,283_22,283,2890,1,228,270,311,66,145,NA,NA,NA,NA,NA,NA,124.4201696,0.431818182,1,11,407.1,1_T3,2.530864198,0.716783217,33,41,211
T3,Low,Low,1,207_14B,207,3218.6,2,260,NA,NA,NA,NA,NA,NA,NA,NA,NA,NA,NA,NA,0,0,0,1_T3,NA,NA,NA,NA,NA
T3,Low,Low,1,303_8,303,3570,1,228,NA,NA,NA,NA,NA,NA,NA,NA,NA,NA,88.750322,0.401554404,1,5,161.6,1_T3,1.605338418,0.616172704,NA,NA,NA
T3,Low,Low,1,156_5,156,2996,1,228,261,367,107,NA,NA,NA,NA,NA,NA,NA,141.8438644,0.336206897,1,23,1025.4,1_T3,2.634423898,0.724853229,24,106,107
T3,Low,Low,1,46_3A,46,3009,2,260,NA,NA,NA,NA,NA,NA,NA,NA,NA,NA,NA,NA,0,0,0,1_T3,NA,NA,NA,NA,NA
T3,Low,Low,1,262_3,262,2717.292,2,260,NA,NA,NA,NA,NA,NA,NA,NA,NA,NA,NA,NA,0,0,0,1_T3,NA,NA,NA,NA,NA
T3,Low,Low,1,250_28,250,3133,2,260,NA,NA,NA,NA,NA,NA,NA,NA,NA,NA,NA,NA,0,0,0,1_T3,NA,NA,NA,NA,NA
T3,Low,Low,1,1_3,1,2989,1,228,NA,NA,NA,NA,NA,NA,NA,NA,NA,NA,NA,NA,0,0,0,1_T3,NA,NA,NA,NA,NA
T3,Low,Low,1,210_3,210,3161.3,2,260,NA,NA,NA,NA,NA,NA,NA,NA,NA,NA,NA,NA,0,0,0,1_T3,NA,NA,NA,NA,NA
T3,Low,Low,1,102_5,102,3072,1,228,295,329,36,NA,NA,NA,NA,NA,NA,NA,122.0432549,0.642857143,1,3,68.2,1_T3,3.66833751,0.785790981,58,34,36
T3,Low,Low,1,91_2,91,2910,2,260,234,270,117,NA,NA,NA,NA,NA,NA,NA,NA,0.680473373,1,9,308,1_T3,4.726752504,0.825380964,29,36,117
T3,Low,Low,1,151_3,151,2975,1,228,263,282,78,82,NA,NA,NA,NA,NA,NA,100.0136746,0.696335079,1,19,810.9,1_T3,1.826000398,0.646143008,26,19,160
T3,Low,Low,1,200_1,200,3447,1,235,NA,NA,NA,NA,NA,NA,NA,NA,NA,NA,NA,NA,0,0,0,1_T3,NA,NA,NA,NA,NA
T3,Low,Low,1,255_28,255,3341.67,2,260,223,234,91,NA,NA,NA,NA,NA,NA,NA,126.4326072,0.629107981,1,8,452.1,1_T3,1.475558924,0.596050819,18,11,91
T3,Low,Low,1,267_12,267,2498.61,1,235,NA,NA,NA,NA,NA,NA,NA,NA,NA,NA,NA,NA,0,0,0,1_T3,NA,NA,NA,NA,NA
T3,Low,Low,1,91_2,91,2910,2,260,NA,NA,NA,NA,NA,NA,NA,NA,NA,NA,NA,NA,0,0,0,1_T3,NA,NA,NA,NA,NA
T3,Low,Low,1,154_5,154,2992,2,260,238,263,43,61,71,100,56,NA,NA,NA,NA,NA,1,20,423.16,1_T3,2.591208791,0.721542228,33,25,331
T3,Low,Low,1,210_3,210,3161.3,2,260,NA,NA,NA,NA,NA,NA,NA,NA,NA,NA,NA,NA,0,0,0,1_T3,NA,NA,NA,NA,NA
T3,Low,Low,1,91_2,91,2910,2,260,236,250,49,NA,NA,NA,NA,NA,NA,NA,77.39902829,0.648148148,1,12,481.13,1_T3,4.651567944,0.823057953,31,14,49
T3,Low,Low,1,207_14B,207,3218.6,2,260,NA,NA,NA,NA,NA,NA,NA,NA,NA,NA,NA,NA,0,0,0,1_T3,NA,NA,NA,NA,NA
T3,Low,Low,1,270_10,270,2553,1,228,NA,NA,NA,NA,NA,NA,NA,NA,NA,NA,NA,NA,0,0,0,1_T3,NA,NA,NA,NA,NA
T3,Low,Low,1,212_7,212,3131,1,228,251,295,46,NA,NA,NA,NA,NA,NA,NA,130.6770482,0.696721311,1,29,1046.88,1_T3,1.584919473,0.613140753,14,44,46
T3,Low,Low,1,1_3,1,2989,1,228,263,279,47,NA,NA,NA,NA,NA,NA,NA,NA,NA,1,10,413.1,1_T3,3.936903888,0.7974439,26,16,47
T3,Low,Low,1,256_3,256,2734.6656,2,248,NA,NA,NA,NA,NA,NA,NA,NA,NA,NA,NA,NA,0,0,0,1_T3,NA,NA,NA,NA,NA
T3,Low,Low,1,303_8,303,3570,1,228,NA,NA,NA,NA,NA,NA,NA,NA,NA,NA,76.88039314,0.552511416,0,15,742.2,1_T3,1.891057488,0.654105806,NA,NA,NA
T3,Low,Low,1,189_1,189,3273,1,228,279,NA,33,NA,NA,NA,NA,NA,NA,NA,86.17751377,0.610619469,1,16,592,1_T3,4.163403614,0.806329299,42,NA,33
T3,Low,Low,1,107_4,107,3091,1,228,268,NA,211,44,66,NA,NA,NA,NA,NA,64.68200312,0.540625,1,17,609.5,1_T3,1.525669291,0.604065345,31,NA,321
T3,Low,Low,1,81_1,81,3095,1,228,266,NA,98,84,NA,NA,NA,NA,NA,NA,133.9047467,0.588516746,1,0,0,1_T3,3.667110519,0.785734665,29,NA,182
T3,Low,Low,1,66_4,66,2940,1,228,266,279,213,NA,NA,NA,NA,NA,NA,NA,90.95625419,0.74137931,1,10,537.6,1_T3,4.545239969,0.819665153,29,13,213
T3,Low,Low,1,283_11,283,2890,2,260,NA,NA,NA,NA,NA,NA,NA,NA,NA,NA,NA,NA,0,0,0,1_T3,NA,NA,NA,NA,NA
T3,Low,Low,1,269_15,269,2800,1,228,259,264,88,NA,NA,NA,NA,NA,NA,NA,NA,0.678571429,1,10,253.4,1_T3,2.552043177,0.718471891,22,5,88
T3,Low,Low,1,48_2,48,2951,2,260,NA,NA,NA,NA,NA,NA,NA,NA,NA,NA,NA,NA,0,0,0,1_T3,NA,NA,NA,NA,NA
T3,Low,Low,1,50_1,50,2934,2,260,NA,NA,NA,NA,NA,NA,NA,NA,NA,NA,NA,NA,0,0,0,1_T3,NA,NA,NA,NA,NA
T3,Low,Low,1,257_2,257,2754.1728,1,228,260,343,148,NA,NA,NA,NA,NA,NA,NA,105.8653143,0.88,1,7,510.2,1_T3,4.96708286,0.832413924,23,83,148
T3,Low,Low,1,81_1,81,3095,1,231,258,273,105,NA,NA,NA,NA,NA,NA,NA,85.49782731,0.666666667,1,5,191,1_T3,3.309975268,0.767980107,24,15,105
T3,Low,Low,1,158_2,158,3004,1,235,288,297,455,NA,NA,NA,NA,NA,NA,NA,NA,NA,1,8,409.5,1_T3,NA,0,58,9,455
T3,Low,Low,1,50_1,50,2934,2,260,NA,NA,NA,NA,NA,NA,NA,NA,NA,NA,NA,NA,0,0,0,1_T3,NA,NA,NA,NA,NA
T3,Low,Low,1,209_5,209,2721.21,2,260,234,244,103,NA,NA,NA,NA,NA,NA,NA,93.49600533,0.903614458,1,3,127.2,1_T3,3.862785863,0.794356563,29,10,103
T3,Low,Low,1,86_2,86,2880,1,228,NA,NA,NA,NA,NA,NA,NA,NA,NA,NA,NA,NA,0,0,0,1_T3,NA,NA,NA,NA,NA
T3,Low,Low,1,200_1,200,3447,1,235,NA,NA,NA,NA,NA,NA,NA,NA,NA,NA,NA,NA,0,0,0,1_T3,NA,NA,NA,NA,NA
T3,Low,Low,1,328_2,328,3660,1,228,257,332,65,NA,NA,NA,NA,NA,NA,NA,NA,NA,1,46,2093.11,1_T3,0.940615518,0.484699576,20,75,65
T3,Low,Low,1,303_8,303,3570,1,228,259,276,31,NA,NA,NA,NA,NA,NA,NA,123.8245772,0.535483871,1,5,230.6,1_T3,1.323024055,0.569526627,22,17,31
T3,Low,Low,1,199_1,199,3502,1,235,NA,NA,NA,NA,NA,NA,NA,NA,NA,NA,NA,NA,0,0,0,1_T3,NA,NA,NA,NA,NA
T3,Low,Low,1,66_4,66,2940,1,228,279,295,42,NA,NA,NA,NA,NA,NA,NA,88.76705011,0.783333333,1,6,204.03,1_T3,2.019466474,0.668815664,42,16,42
T3,Low,Low,1,107_4,107,3091,1,235,NA,NA,NA,NA,NA,NA,NA,NA,NA,NA,NA,NA,0,0,0,1_T3,NA,NA,NA,NA,NA
T3,Low,Low,1,271_1,271,2708,1,241,NA,NA,NA,NA,NA,NA,NA,NA,NA,NA,NA,NA,0,0,0,1_T3,NA,NA,NA,NA,NA
T3,Low,Low,1,283_11,283,2890,2,260,NA,NA,NA,NA,NA,NA,NA,NA,NA,NA,NA,NA,0,0,0,1_T3,NA,NA,NA,NA,NA
T3,Low,Low,1,157_3,157,3004,2,260,NA,NA,NA,NA,NA,NA,NA,NA,NA,NA,NA,NA,0,0,0,1_T3,NA,NA,NA,NA,NA
T3,Low,Low,1,270_26,270,2553,1,235,NA,NA,NA,NA,NA,NA,NA,NA,NA,NA,NA,NA,0,0,0,1_T3,NA,NA,NA,NA,NA
T3,Low,Low,1,51_1,51,2929,1,228,NA,NA,NA,NA,NA,NA,NA,NA,NA,NA,NA,NA,0,0,0,1_T3,NA,NA,NA,NA,NA
T3,Low,Low,1,328_2,328,3660,1,228,266,302,47,NA,NA,NA,NA,NA,NA,NA,98.31440837,0.382783883,1,10,243.73,1_T3,2.071958881,0.674474809,29,36,47
T3,Low,Low,1,185_2,185,3411,2,258,NA,NA,NA,NA,NA,NA,NA,NA,NA,NA,NA,NA,0,0,0,1_T3,NA,NA,NA,NA,NA
T3,Low,Low,1,86_2,86,2880,1,231,273,301,323,NA,NA,NA,NA,NA,NA,NA,NA,NA,1,9,471,1_T3,2.555820896,0.718770987,39,28,323
T3,Low,Low,1,107_4,107,3091,1,235,261,345,132,76,NA,NA,NA,NA,NA,NA,NA,NA,1,5,215.1,1_T3,2.200852676,0.687583247,31,84,208
T3,Low,Low,1,250_16,250,3133,2,260,NA,NA,NA,NA,NA,NA,NA,NA,NA,NA,NA,NA,0,0,0,1_T3,NA,NA,NA,NA,NA
T3,Low,Low,1,328_2,328,3660,1,228,248,311,70,NA,NA,NA,NA,NA,NA,NA,NA,NA,1,39,2093.16,1_T3,1.288771339,0.563084358,11,63,70
T3,Low,Low,1,154_5,154,2992,2,260,234,311,156,116,NA,NA,NA,NA,NA,NA,NA,NA,1,13,489.5,1_T3,0.62371134,0.384126984,29,77,272
T3,Low,Low,1,211_13A,211,3121.58,1,228,245,NA,52,NA,NA,NA,NA,NA,NA,NA,NA,NA,1,25,1248.4,1_T3,1.462970512,0.593986207,8,NA,52
T3,Low,Low,1,259_19C,259,2759.964,1,235,NA,NA,NA,NA,NA,NA,NA,NA,NA,NA,NA,NA,0,0,0,1_T3,NA,NA,NA,NA,NA
T3,Low,Low,1,188_2,188,3126,1,228,277,324,72,NA,NA,NA,NA,NA,NA,NA,NA,NA,1,10,377.86,1_T3,1.44377084,0.590796328,40,47,72
T3,Low,Low,1,189_1,189,3273,2,248,NA,NA,NA,NA,NA,NA,NA,NA,NA,NA,NA,NA,0,0,0,1_T3,NA,NA,NA,NA,NA
T3,Low,Low,1,214_7,214,2693.59,2,260,NA,NA,NA,NA,NA,NA,NA,NA,NA,NA,NA,NA,0,0,0,1_T3,NA,NA,NA,NA,NA
T3,Low,Low,1,194_2,194,3108,1,228,NA,NA,NA,NA,NA,NA,NA,NA,NA,NA,NA,NA,0,0,0,1_T3,NA,NA,NA,NA,NA
T3,Low,Low,1,304_19A,304,3673,1,235,NA,NA,NA,NA,NA,NA,NA,NA,NA,NA,NA,NA,0,0,0,1_T3,NA,NA,NA,NA,NA
T3,Low,Low,1,207_14B,207,3218.6,2,260,NA,NA,NA,NA,NA,NA,NA,NA,NA,NA,NA,NA,0,0,0,1_T3,NA,NA,NA,NA,NA
T3,Low,Low,1,46_3A,46,3009,2,260,NA,NA,NA,NA,NA,NA,NA,NA,NA,NA,NA,NA,0,0,0,1_T3,NA,NA,NA,NA,NA
T3,Low,Low,1,283_22,283,2890,1,231,240,NA,53,NA,NA,NA,NA,NA,NA,NA,NA,NA,1,6,180.9,1_T3,3.728592163,0.788520565,6,NA,53
T3,Low,Low,1,56_3,56,3132,2,258,NA,NA,NA,NA,NA,NA,NA,NA,NA,NA,NA,NA,0,0,0,1_T3,NA,NA,NA,NA,NA
T3,Low,Low,1,66_4,66,2940,1,228,270,282,97,NA,NA,NA,NA,NA,NA,NA,65.99074886,0.82,1,8,409.8,1_T3,2.662273476,0.726945569,33,12,97
T3,Low,Low,1,267_12,267,2498.61,1,235,NA,NA,NA,NA,NA,NA,NA,NA,NA,NA,NA,NA,0,0,0,1_T3,NA,NA,NA,NA,NA
T3,Low,Low,1,185_2,185,3411,2,258,240,258,58,NA,NA,NA,NA,NA,NA,NA,80.34878504,0.735449735,1,8,286.21,1_T3,3.275561097,0.766112569,33,18,58
T3,Low,Low,1,253_9,253,3460,1,235,257,288,46,NA,NA,NA,NA,NA,NA,NA,104.924941,0.438596491,1,12,362.17,1_T3,2.946527778,0.746612705,27,31,46
T3,Low,Low,1,50_1,50,2934,2,260,NA,NA,NA,NA,NA,NA,NA,NA,NA,NA,NA,NA,0,0,0,1_T3,NA,NA,NA,NA,NA
T3,Low,Low,2,158_2,158,3004,1,235,NA,NA,NA,NA,NA,NA,NA,NA,NA,NA,NA,NA,0,0,0,2_T3,NA,NA,NA,NA,NA
T3,Low,Low,2,154_5,154,2992,2,260,NA,NA,NA,NA,NA,NA,NA,NA,NA,NA,NA,NA,0,0,0,2_T3,NA,NA,NA,NA,NA
T3,Low,Low,2,189_1,189,3273,2,260,NA,NA,NA,NA,NA,NA,NA,NA,NA,NA,NA,NA,0,0,0,2_T3,NA,NA,NA,NA,NA
T3,Low,Low,2,270_10,270,2553,1,231,NA,NA,NA,NA,NA,NA,NA,NA,NA,NA,NA,NA,0,0,0,2_T3,NA,NA,NA,NA,NA
T3,Low,Low,2,210_3,210,3161.3,2,260,NA,NA,NA,NA,NA,NA,NA,NA,NA,NA,NA,NA,0,0,0,2_T3,NA,NA,NA,NA,NA
T3,Low,Low,2,253_9,253,3460,1,235,NA,NA,NA,NA,NA,NA,NA,NA,NA,NA,NA,NA,0,0,0,2_T3,NA,NA,NA,NA,NA
T3,Low,Low,2,48_2,48,2951,2,260,NA,NA,NA,NA,NA,NA,NA,NA,NA,NA,NA,NA,0,0,0,2_T3,NA,NA,NA,NA,NA
T3,Low,Low,2,212_7,212,3131,1,235,252,269,71,NA,NA,NA,NA,NA,NA,NA,100.7997605,0.645962733,1,14,504,2_T3,1.919181757,0.657438254,22,17,71
T3,Low,Low,2,263_1,263,2795.3208,2,270,NA,NA,NA,NA,NA,NA,NA,NA,NA,NA,NA,NA,0,0,0,2_T3,NA,NA,NA,NA,NA
T3,Low,Low,2,262_3,262,2717.292,2,260,NA,NA,NA,NA,NA,NA,NA,NA,NA,NA,117.9687217,0.552083333,0,0,0,2_T3,0.673291925,0.40237565,NA,NA,NA
T3,Low,Low,2,214_7,214,2693.59,2,260,NA,NA,NA,NA,NA,NA,NA,NA,NA,NA,NA,NA,0,0,0,2_T3,NA,NA,NA,NA,NA
T3,Low,Low,2,68_1,68,2904,2,260,NA,NA,NA,NA,NA,NA,NA,NA,NA,NA,NA,NA,0,0,0,2_T3,NA,NA,NA,NA,NA
T3,Low,Low,2,194_2,194,3108,1,228,263,276,102,92,NA,NA,NA,NA,NA,NA,77.28224106,0.646788991,1,13,635.1,2_T3,NA,1,26,13,194
T3,Low,Low,2,213_1,213,2789.81,1,228,NA,NA,NA,NA,NA,NA,NA,NA,NA,NA,NA,NA,0,0,0,2_T3,NA,NA,NA,NA,NA
T3,Low,Low,2,250_28,250,3133,2,260,NA,NA,NA,NA,NA,NA,NA,NA,NA,NA,NA,NA,0,0,0,2_T3,NA,NA,NA,NA,NA
T3,Low,Low,2,252_4,252,3444,1,241,236,246,31,NA,NA,NA,NA,NA,NA,NA,103.236145,0.569416499,1,8,330.1,2_T3,2.585006693,0.721060493,12,10,31
T3,Low,Low,2,67_4,67,2903,1,228,247,343,56,NA,NA,NA,NA,NA,NA,NA,106.6119726,0.701492537,1,39,854.52,2_T3,1.472938955,0.595622853,10,96,56
T3,Low,Low,2,151_3,151,2975,1,228,NA,NA,NA,NA,NA,NA,NA,NA,NA,NA,NA,NA,0,0,0,2_T3,NA,NA,NA,NA,NA
T3,Low,Low,2,269_15,269,2800,1,228,251,276,64,NA,NA,NA,NA,NA,NA,NA,93.77833282,0.684210526,1,35,1366.3,2_T3,2.310824637,0.697960445,14,25,64
T3,Low,Low,2,162_2,162,3055,2,260,NA,NA,NA,NA,NA,NA,NA,NA,NA,NA,NA,NA,0,0,0,2_T3,NA,NA,NA,NA,NA
T3,Low,Low,2,66_4,66,2940,1,228,NA,NA,NA,NA,NA,NA,NA,NA,NA,NA,NA,NA,0,0,0,2_T3,NA,NA,NA,NA,NA
T3,Low,Low,2,68_1,68,2904,2,260,NA,NA,NA,NA,NA,NA,NA,NA,NA,NA,NA,NA,0,0,0,2_T3,NA,NA,NA,NA,NA
T3,Low,Low,2,250_16,250,3133,2,260,NA,NA,NA,NA,NA,NA,NA,NA,NA,NA,NA,NA,0,0,0,2_T3,NA,NA,NA,NA,NA
T3,Low,Low,2,213_1,213,2789.81,1,228,NA,NA,NA,NA,NA,NA,NA,NA,NA,NA,NA,NA,0,0,0,2_T3,NA,NA,NA,NA,NA
T3,Low,Low,2,162_2,162,3055,2,260,NA,NA,NA,NA,NA,NA,NA,NA,NA,NA,NA,NA,0,0,0,2_T3,NA,NA,NA,NA,NA
T3,Low,Low,2,67_4,67,2903,1,228,NA,NA,NA,NA,NA,NA,NA,NA,NA,NA,NA,NA,0,0,0,2_T3,NA,NA,NA,NA,NA
T3,Low,Low,2,257_2,257,2754.1728,1,228,262,276,151,160,59,NA,NA,NA,NA,NA,116.7358277,0.802469136,1,9,492.3,2_T3,2.785171103,0.73581115,25,14,370
T3,Low,Low,2,157_3,157,3004,2,260,NA,NA,NA,NA,NA,NA,NA,NA,NA,NA,NA,NA,0,0,0,2_T3,NA,NA,NA,NA,NA
T3,Low,Low,2,154_5,154,2992,2,260,NA,NA,NA,NA,NA,NA,NA,NA,NA,NA,NA,NA,0,0,0,2_T3,NA,NA,NA,NA,NA
T3,Low,Low,2,270_26,270,2553,1,235,NA,NA,NA,NA,NA,NA,NA,NA,NA,NA,NA,NA,0,0,0,2_T3,NA,NA,NA,NA,NA
T3,Low,Low,2,156_5,156,2996,1,241,NA,NA,NA,NA,NA,NA,NA,NA,NA,NA,NA,NA,0,0,0,2_T3,NA,NA,NA,NA,NA
T3,Low,Low,2,214_7,214,2693.59,2,260,NA,NA,NA,NA,NA,NA,NA,NA,NA,NA,NA,NA,0,0,0,2_T3,NA,NA,NA,NA,NA
T3,Low,Low,2,270_26,270,2553,1,235,NA,NA,NA,NA,NA,NA,NA,NA,NA,NA,NA,NA,0,0,0,2_T3,NA,NA,NA,NA,NA
T3,Low,Low,2,66_4,66,2940,1,228,276,279,282,NA,NA,NA,NA,NA,NA,NA,NA,NA,1,9,460.8,2_T3,4.207992734,0.807987443,39,3,282
T3,Low,Low,2,199_1,199,3502,2,260,236,244,78,NA,NA,NA,NA,NA,NA,NA,120.8223742,0.633663366,1,2,105.5,2_T3,2.604584527,0.722575517,31,8,78
T3,Low,Low,2,250_16,250,3133,2,260,NA,NA,NA,NA,NA,NA,NA,NA,NA,NA,NA,NA,0,0,0,2_T3,NA,NA,NA,NA,NA
T3,Low,Low,2,267_12,267,2498.61,1,235,NA,NA,NA,NA,NA,NA,NA,NA,NA,NA,NA,NA,0,0,0,2_T3,NA,NA,NA,NA,NA
T3,Low,Low,2,56_3,56,3132,2,258,NA,NA,NA,NA,NA,NA,NA,NA,NA,NA,NA,NA,0,0,0,2_T3,NA,NA,NA,NA,NA
T3,Low,Low,2,283_22,283,2890,1,228,NA,NA,NA,NA,NA,NA,NA,NA,NA,NA,NA,NA,0,0,0,2_T3,NA,NA,NA,NA,NA
T3,Low,Low,2,188_2,188,3126,1,228,288,304,92,NA,NA,NA,NA,NA,NA,NA,79.60625606,0.647058824,1,4,181.1,2_T3,2.360441075,0.702420016,51,16,92
T3,Low,Low,2,46_3A,46,3009,2,260,NA,NA,NA,NA,NA,NA,NA,NA,NA,NA,NA,NA,0,0,0,2_T3,NA,NA,NA,NA,NA
T3,Low,Low,2,199_1,199,3502,2,260,NA,NA,NA,NA,NA,NA,NA,NA,NA,NA,114.7148141,0.605691057,0,4,239.6,2_T3,3.904102291,0.796089082,NA,NA,NA
T3,Low,Low,2,201_2,201,3352,1,228,NA,NA,NA,NA,NA,NA,NA,NA,NA,NA,NA,NA,0,0,0,2_T3,NA,NA,NA,NA,NA
T3,Low,Low,2,91_2,91,2910,2,260,234,250,281,136,NA,NA,NA,NA,NA,NA,57.7768072,0.785714286,1,16,713.7,2_T3,2.831744519,0.739022266,29,16,417
T3,Low,Low,2,270_10,270,2553,1,231,NA,NA,NA,NA,NA,NA,NA,NA,NA,NA,NA,NA,0,0,0,2_T3,NA,NA,NA,NA,NA
T3,Low,Low,2,283_22,283,2890,1,231,246,261,55,NA,NA,NA,NA,NA,NA,NA,126.9095454,0.787878788,1,3,208.4,2_T3,3.683152174,0.786468609,12,15,55
T3,Low,Low,2,255_28,255,3341.67,1,228,251,311,106,NA,NA,NA,NA,NA,NA,NA,89.90254034,0.116,1,38,1527.3,2_T3,4.163067759,0.8063167,14,60,106
T3,Low,Low,2,67_4,67,2903,1,241,NA,NA,NA,NA,NA,NA,NA,NA,NA,NA,NA,NA,0,0,0,2_T3,NA,NA,NA,NA,NA
T3,Low,Low,2,49_2,49,2935,2,260,NA,NA,NA,NA,NA,NA,NA,NA,NA,NA,NA,NA,0,0,0,2_T3,NA,NA,NA,NA,NA
T3,Low,Low,2,48_2,48,2951,2,260,NA,NA,NA,NA,NA,NA,NA,NA,NA,NA,NA,NA,0,0,0,2_T3,NA,NA,NA,NA,NA
T3,Low,Low,2,199_1,199,3502,2,260,NA,NA,NA,NA,NA,NA,NA,NA,NA,NA,NA,NA,0,0,0,2_T3,NA,NA,NA,NA,NA
T3,Low,Low,2,303_8,303,3570,1,228,259,264,46,NA,NA,NA,NA,NA,NA,NA,122.5081667,0.75,1,3,162.1,2_T3,2.806358382,0.737281701,22,5,46
T3,Low,Low,2,51_1,51,2929,1,228,NA,NA,NA,NA,NA,NA,NA,NA,NA,NA,NA,NA,0,0,0,2_T3,NA,NA,NA,NA,NA
T3,Low,Low,2,162_2,162,3055,2,260,238,244,71,NA,NA,NA,NA,NA,NA,NA,113.9787226,0.653179191,1,3,150.8,2_T3,1.842427617,0.648188051,33,6,71
T3,Low,Low,2,250_28,250,3133,2,266,214,226,37,NA,NA,NA,NA,NA,NA,NA,94.79588848,0.694444444,1,8,436.3,2_T3,4.587053571,0.821014782,15,12,37
T3,Low,Low,2,267_12,267,2498.61,2,260,NA,NA,NA,NA,NA,NA,NA,NA,NA,NA,NA,NA,0,0,0,2_T3,NA,NA,NA,NA,NA
T3,Low,Low,2,151_3,151,2975,1,228,NA,NA,NA,NA,NA,NA,NA,NA,NA,NA,NA,NA,0,0,0,2_T3,NA,NA,NA,NA,NA
T3,Low,Low,2,51_1,51,2929,1,235,NA,NA,NA,NA,NA,NA,NA,NA,NA,NA,NA,NA,0,0,0,2_T3,NA,NA,NA,NA,NA
T3,Low,Low,2,211_13A,211,3121.58,1,228,276,282,210,NA,NA,NA,NA,NA,NA,NA,98.57268509,0.77852349,1,9,561.8,2_T3,1.720683559,0.632445311,39,6,210
T3,Low,Low,2,259_19C,259,2759.964,2,260,NA,NA,NA,NA,NA,NA,NA,NA,NA,NA,NA,NA,0,0,0,2_T3,NA,NA,NA,NA,NA
T3,Low,Low,2,207_14B,207,3218.6,2,260,NA,NA,NA,NA,NA,NA,NA,NA,NA,NA,NA,NA,0,0,0,2_T3,NA,NA,NA,NA,NA
T3,Low,Low,2,50_1,50,2934,2,260,NA,NA,NA,NA,NA,NA,NA,NA,NA,NA,NA,NA,0,0,0,2_T3,NA,NA,NA,NA,NA
T3,Low,Low,2,51_1,51,2929,1,235,NA,NA,NA,NA,NA,NA,NA,NA,NA,NA,NA,NA,0,0,0,2_T3,NA,NA,NA,NA,NA
T3,Low,Low,2,250_16,250,3133,2,260,229,244,66,NA,NA,NA,NA,NA,NA,NA,105.4665487,0.667630058,1,7,431,2_T3,2.027127004,0.669653768,24,15,66
T3,Low,Low,2,271_1,271,2708,1,241,NA,NA,NA,NA,NA,NA,NA,NA,NA,NA,NA,NA,0,0,0,2_T3,NA,NA,NA,NA,NA
T3,Low,Low,2,81_1,81,3095,1,235,NA,NA,NA,NA,NA,NA,NA,NA,NA,NA,NA,NA,0,0,0,2_T3,NA,NA,NA,NA,NA
T3,Low,Low,2,269_15,269,2800,1,228,260,332,32,33,NA,NA,NA,NA,NA,NA,71.7441384,0.790393013,1,7,229.9,2_T3,5.389221557,0.84348641,23,72,65
T3,Low,Low,2,189_1,189,3273,2,260,NA,NA,NA,NA,NA,NA,NA,NA,NA,NA,NA,NA,0,0,0,2_T3,NA,NA,NA,NA,NA
T3,Low,Low,2,66_4,66,2940,1,228,270,282,186,NA,NA,NA,NA,NA,NA,NA,117.4786242,0.582191781,1,9,524.4,2_T3,4.016949153,0.800675676,33,12,186
T3,Low,Low,2,214_7,214,2693.59,2,260,256,272,290,NA,NA,NA,NA,NA,NA,NA,NA,NA,1,8,392.9,2_T3,1.024779362,0.506119028,51,16,290
T3,Low,Low,2,262_3,262,2717.292,2,260,NA,NA,NA,NA,NA,NA,NA,NA,NA,NA,NA,NA,0,0,0,2_T3,NA,NA,NA,NA,NA
T3,Low,Low,2,56_3,56,3132,2,258,NA,NA,NA,NA,NA,NA,NA,NA,NA,NA,NA,NA,0,0,0,2_T3,NA,NA,NA,NA,NA
T3,Low,Low,2,151_3,151,2975,1,228,NA,NA,NA,NA,NA,NA,NA,NA,NA,NA,NA,NA,0,0,0,2_T3,NA,NA,NA,NA,NA
T3,Low,Low,2,189_1,189,3273,2,260,230,244,56,NA,NA,NA,NA,NA,NA,NA,NA,NA,1,6,262.1,2_T3,2.316326531,0.698461538,25,14,56
T3,Low,Low,2,270_10,270,2553,1,235,255,297,22,NA,NA,NA,NA,NA,NA,NA,95.15340802,0.590425532,1,6,183.7,2_T3,2.463206307,0.711250237,25,42,22
T3,Low,Low,2,211_13A,211,3121.58,1,228,261,276,59,NA,NA,NA,NA,NA,NA,NA,87.07840922,0.768211921,1,7,349.4,2_T3,1.694698355,0.62890095,24,15,59
T3,Low,Low,2,49_2,49,2935,2,260,NA,NA,NA,NA,NA,NA,NA,NA,NA,NA,NA,NA,0,0,0,2_T3,NA,NA,NA,NA,NA
T3,Low,Low,2,213_1,213,2789.81,1,228,NA,NA,NA,NA,NA,NA,NA,NA,NA,NA,NA,NA,0,0,0,2_T3,NA,NA,NA,NA,NA
T3,Low,Low,2,207_14B,207,3218.6,2,260,NA,NA,NA,NA,NA,NA,NA,NA,NA,NA,NA,NA,0,0,0,2_T3,NA,NA,NA,NA,NA
T3,Low,Low,3,257_2,257,2754.1728,1,228,276,282,57,NA,NA,NA,NA,NA,NA,NA,79.92144735,0.85,1,0,0,3_T3,3.512022631,0.778369906,39,6,57
T3,Low,Low,3,48_2,48,2951,2,260,NA,NA,NA,NA,NA,NA,NA,NA,NA,NA,NA,NA,0,0,0,3_T3,NA,NA,NA,NA,NA
T3,Low,Low,3,102_5,102,3072,1,228,282,304,63,NA,NA,NA,NA,NA,NA,NA,94.470235,0.055263158,1,7,187.8,3_T3,3.26368358,0.765461019,45,22,63
T3,Low,Low,3,283_22,283,2890,1,228,254,266,64,NA,NA,NA,NA,NA,NA,NA,70.73849273,0.681818182,1,5,238.5,3_T3,3.201014585,0.761962264,17,12,64
T3,Low,Low,3,48_2,48,2951,1,228,253,332,39,NA,NA,NA,NA,NA,NA,NA,119.0324962,0.64516129,1,14,593.2,3_T3,2.793296089,0.736377025,16,79,39
T3,Low,Low,3,212_7,212,3131,1,241,247,263,32,NA,NA,NA,NA,NA,NA,NA,108.899927,0.576086957,1,11,429.66,3_T3,2.858513189,0.740832815,23,16,32
T3,Low,Low,3,270_10,270,2553,1,235,NA,NA,NA,NA,NA,NA,NA,NA,NA,NA,NA,NA,0,0,0,3_T3,NA,NA,NA,NA,NA
T3,Low,Low,3,213_1,213,2789.81,1,228,NA,NA,NA,NA,NA,NA,NA,NA,NA,NA,NA,NA,0,0,0,3_T3,NA,NA,NA,NA,NA
T3,Low,Low,3,267_12,267,2498.61,2,260,NA,NA,NA,NA,NA,NA,NA,NA,NA,NA,NA,NA,0,0,0,3_T3,NA,NA,NA,NA,NA
T3,Low,Low,3,194_2,194,3108,2,248,240,250,103,NA,NA,NA,NA,NA,NA,NA,131.7766972,0.561403509,1,3,180.9,3_T3,2.127124405,0.680217391,23,10,103
T3,Low,Low,3,283_22,283,2890,1,228,262,336,152,68,31,NA,NA,NA,NA,NA,122.8236934,0.765432099,1,15,691.7,3_T3,3.299124514,0.767394502,25,74,251
T3,Low,Low,3,207_14B,207,3218.6,2,260,NA,NA,NA,NA,NA,NA,NA,NA,NA,NA,NA,NA,0,0,0,3_T3,NA,NA,NA,NA,NA
T3,Low,Low,3,213_1,213,2789.81,1,228,NA,NA,NA,NA,NA,NA,NA,NA,NA,NA,NA,NA,0,0,0,3_T3,NA,NA,NA,NA,NA
T3,Low,Low,3,107_4,107,3091,1,228,264,276,206,NA,NA,NA,NA,NA,NA,NA,61.52456006,0.594501718,1,12,578.7,3_T3,2.388571429,0.704890388,27,12,206
T3,Low,Low,3,49_2,49,2935,2,260,NA,NA,NA,NA,NA,NA,NA,NA,NA,NA,NA,NA,0,0,0,3_T3,NA,NA,NA,NA,NA
T3,Low,Low,3,158_2,158,3004,1,235,NA,NA,NA,NA,NA,NA,NA,NA,NA,NA,NA,NA,0,0,0,3_T3,NA,NA,NA,NA,NA
T3,Low,Low,3,270_10,270,2553,1,241,NA,NA,NA,NA,NA,NA,NA,NA,NA,NA,NA,NA,0,0,0,3_T3,NA,NA,NA,NA,NA
T3,Low,Low,3,185_2,185,3411,2,258,NA,NA,NA,NA,NA,NA,NA,NA,NA,NA,NA,NA,0,0,0,3_T3,NA,NA,NA,NA,NA
T3,Low,Low,3,283_22,283,2890,1,231,NA,NA,NA,NA,NA,NA,NA,NA,NA,NA,84.97397751,0.661676647,1,5,158.8,3_T3,2.444309437,0.70966604,NA,NA,NA
T3,Low,Low,3,212_7,212,3131,1,241,NA,NA,NA,NA,NA,NA,NA,NA,NA,NA,NA,NA,0,0,0,3_T3,NA,NA,NA,NA,NA
T3,Low,Low,3,207_14B,207,3218.6,2,260,NA,NA,NA,NA,NA,NA,NA,NA,NA,NA,NA,NA,0,0,0,3_T3,NA,NA,NA,NA,NA
T3,Low,Low,3,66_4,66,2940,1,228,276,304,93,NA,NA,NA,NA,NA,NA,NA,85.22866506,0.077294686,1,9,453.4,3_T3,3.687098157,0.786648377,39,28,93
T3,Low,Low,3,98_7,98,3011,2,258,NA,NA,NA,NA,NA,NA,NA,NA,NA,NA,NA,NA,0,0,0,3_T3,NA,NA,NA,NA,NA
T3,Low,Low,3,328_2,328,3660,1,228,256,262,102,NA,NA,NA,NA,NA,NA,NA,107.5426804,0.58974359,1,25,998.3,3_T3,1.552837241,0.608278983,19,6,102
T3,Low,Low,3,257_2,257,2754.1728,1,228,NA,NA,NA,NA,NA,NA,NA,NA,NA,NA,NA,NA,0,0,0,3_T3,NA,NA,NA,NA,NA
T3,Low,Low,3,151_3,151,2975,1,235,NA,NA,NA,NA,NA,NA,NA,NA,NA,NA,NA,NA,0,0,0,3_T3,NA,NA,NA,NA,NA
T3,Low,Low,3,304_19A,304,3673,1,235,NA,NA,NA,NA,NA,NA,NA,NA,NA,NA,NA,NA,0,0,0,3_T3,NA,NA,NA,NA,NA
T3,Low,Low,3,283_22,283,2890,1,228,NA,NA,NA,NA,NA,NA,NA,NA,NA,NA,NA,NA,0,0,0,3_T3,NA,NA,NA,NA,NA
T3,Low,Low,3,91_2,91,2910,2,260,234,244,254,NA,NA,NA,NA,NA,NA,NA,102.7046694,0.657608696,1,7,415,3_T3,3.612622416,0.783203586,29,10,254
T3,Low,Low,3,102_5,102,3072,1,228,NA,NA,NA,NA,NA,NA,NA,NA,NA,NA,NA,NA,0,0,0,3_T3,NA,NA,NA,NA,NA
T3,Low,Low,3,91_2,91,2910,2,260,236,272,130,151,NA,NA,NA,NA,NA,NA,119.98431,0.681818182,1,12,487.8,3_T3,3.79793341,0.791576932,31,36,281
T3,Low,Low,3,157_3,157,3004,2,260,272,NA,31,NA,NA,NA,NA,NA,NA,NA,104.4730285,0.571428571,1,2,27.9,3_T3,3.347212421,0.769967532,67,NA,31
T3,Low,Low,3,68_1,68,2904,2,260,NA,NA,NA,NA,NA,NA,NA,NA,NA,NA,NA,NA,0,0,0,3_T3,NA,NA,NA,NA,NA
T3,Low,Low,3,255_28,255,3341.67,1,228,259,332,86,117,NA,NA,NA,NA,NA,NA,98.52668056,0.692307692,1,17,726.8,3_T3,1.807228916,0.643776824,22,73,203
T3,Low,Low,3,267_12,267,2498.61,2,260,NA,NA,NA,NA,NA,NA,NA,NA,NA,NA,NA,NA,0,0,0,3_T3,NA,NA,NA,NA,NA
T3,Low,Low,3,273_18C,273,2710,2,258,NA,NA,NA,NA,NA,NA,NA,NA,NA,NA,NA,NA,0,0,0,3_T3,NA,NA,NA,NA,NA
T3,Low,Low,3,199_1,199,3502,2,260,NA,NA,NA,NA,NA,NA,NA,NA,NA,NA,NA,NA,0,0,0,3_T3,NA,NA,NA,NA,NA
T3,Low,Low,3,86_2,86,2880,1,231,NA,NA,NA,NA,NA,NA,NA,NA,NA,NA,NA,NA,0,0,0,3_T3,NA,NA,NA,NA,NA
T3,Low,Low,3,194_2,194,3108,1,228,NA,NA,NA,NA,NA,NA,NA,NA,NA,NA,NA,NA,0,0,0,3_T3,NA,NA,NA,NA,NA
T3,Low,Low,3,255_28,255,3341.67,2,260,224,244,75,NA,NA,NA,NA,NA,NA,NA,96.16642797,0.556338028,1,7,386.5,3_T3,1.696452933,0.629142423,19,20,75
T3,Low,Low,3,162_2,162,3055,2,260,NA,NA,NA,NA,NA,NA,NA,NA,NA,NA,NA,NA,0,0,0,3_T3,NA,NA,NA,NA,NA
T3,Low,Low,3,210_3,210,3161.3,2,260,230,244,51,NA,NA,NA,NA,NA,NA,NA,106.8333735,0.696629213,1,3,170.8,3_T3,1.830340557,0.646685627,25,14,51
T3,Low,Low,3,158_2,158,3004,1,235,NA,NA,NA,NA,NA,NA,NA,NA,NA,NA,NA,NA,0,0,0,3_T3,NA,NA,NA,NA,NA
T3,Low,Low,3,210_3,210,3161.3,2,260,234,250,74,NA,NA,NA,NA,NA,NA,NA,106.4816944,0.494845361,1,5,229.9,3_T3,1.772389088,0.639300268,29,16,74
T3,Low,Low,3,328_2,328,3660,1,228,259,270,54,NA,NA,NA,NA,NA,NA,NA,83.84408465,0.486238532,1,8,284.4,3_T3,1.419005749,0.586607018,22,11,54
T3,Low,Low,3,259_19C,259,2759.964,2,260,NA,NA,NA,NA,NA,NA,NA,NA,NA,NA,NA,NA,0,0,0,3_T3,NA,NA,NA,NA,NA
T3,Low,Low,3,188_2,188,3126,1,228,NA,NA,NA,NA,NA,NA,NA,NA,NA,NA,NA,NA,0,0,0,3_T3,NA,NA,NA,NA,NA
T3,Low,Low,3,98_7,98,3011,2,258,NA,NA,NA,NA,NA,NA,NA,NA,NA,NA,NA,NA,0,0,0,3_T3,NA,NA,NA,NA,NA
T3,Low,Low,3,328_2,328,3660,1,228,254,343,68,NA,NA,NA,NA,NA,NA,NA,99.75895327,0.462222222,1,8,230.4,3_T3,1.087759815,0.521017699,17,89,68
T3,Low,Low,3,56_3,56,3132,2,258,NA,NA,NA,NA,NA,NA,NA,NA,NA,NA,NA,NA,0,0,0,3_T3,NA,NA,NA,NA,NA
T3,Low,Low,3,212_7,212,3131,1,241,246,339,89,NA,NA,NA,NA,NA,NA,NA,97.606855,0.512396694,1,18,400.2,3_T3,1.84554731,0.648573757,22,93,89
T3,Low,Low,3,257_2,257,2754.1728,1,228,261,276,142,NA,NA,NA,NA,NA,NA,NA,81.33188056,0.830409357,1,8,550.7,3_T3,2.843792945,0.739840305,24,15,142
T3,Low,Low,3,66_4,66,2940,1,228,266,282,104,204,NA,NA,NA,NA,NA,NA,105.7477793,0.727272727,1,16,884.5,3_T3,3.170918367,0.760244648,29,16,308
T3,Low,Low,3,200_1,200,3447,1,241,NA,NA,NA,NA,NA,NA,NA,NA,NA,NA,NA,NA,0,0,0,3_T3,NA,NA,NA,NA,NA
T3,Low,Low,3,185_2,185,3411,2,258,NA,NA,NA,NA,NA,NA,NA,NA,NA,NA,NA,NA,0,0,0,3_T3,NA,NA,NA,NA,NA
T3,Low,Low,3,267_12,267,2498.61,2,266,NA,NA,NA,NA,NA,NA,NA,NA,NA,NA,NA,NA,0,0,0,3_T3,NA,NA,NA,NA,NA
T3,Low,Low,3,157_3,157,3004,2,260,234,244,99,82,NA,NA,NA,NA,NA,NA,116.224844,0.833333333,1,6,326.6,3_T3,2.131420639,0.680656125,29,10,181
T3,Low,Low,3,56_3,56,3132,2,258,NA,NA,NA,NA,NA,NA,NA,NA,NA,NA,NA,NA,0,0,0,3_T3,NA,NA,NA,NA,NA
T3,Low,Low,3,91_2,91,2910,2,260,NA,NA,NA,NA,NA,NA,NA,NA,NA,NA,NA,NA,0,0,0,3_T3,NA,NA,NA,NA,NA
T3,Low,Low,3,188_2,188,3126,1,228,NA,NA,NA,NA,NA,NA,NA,NA,NA,NA,NA,NA,0,0,0,3_T3,NA,NA,NA,NA,NA
T3,Low,Low,3,68_1,68,2904,2,260,232,238,98,NA,NA,NA,NA,NA,NA,NA,103.85212,0.718181818,1,2,129.4,3_T3,2.725733634,0.731596486,27,6,98
T3,Low,Low,3,253_9,253,3460,1,235,NA,NA,NA,NA,NA,NA,NA,NA,NA,NA,NA,NA,0,0,0,3_T3,NA,NA,NA,NA,NA
T3,Low,Low,3,201_2,201,3352,1,228,NA,NA,NA,NA,NA,NA,NA,NA,NA,NA,NA,NA,0,0,0,3_T3,NA,NA,NA,NA,NA
T3,Low,Low,4,303_8,303,3570,1,235,268,275,25,NA,NA,NA,NA,NA,NA,NA,121.2433582,0.656,1,2,60.5,4_T3,3.713576159,0.787846856,38,7,25
T3,Low,Low,4,269_15,269,2800,1,228,255,362,46,NA,NA,NA,NA,NA,NA,NA,77.62239094,0.815384615,1,20,748.2,4_T3,3.270661157,0.765844219,18,107,46
T3,Low,Low,4,255_28,255,3341.67,1,228,262,276,108,144,122,66,NA,NA,NA,NA,277.5,0.277227723,1,18,741.8,4_T3,1.963522668,0.662563742,25,14,440
T3,Low,Low,4,194_2,194,3108,1,228,256,329,83,NA,NA,NA,NA,NA,NA,NA,129.7961143,0.821428571,1,12,589.6,4_T3,2.101372289,0.67756209,19,73,83
T3,Low,Low,4,91_2,91,2910,2,260,236,250,158,149,NA,NA,NA,NA,NA,NA,182.437641,0.769230769,1,11,420.7,4_T3,3.01615074,0.751005362,31,14,307
T3,Low,Low,4,283_22,283,2890,1,231,260,273,91,NA,NA,NA,NA,NA,NA,NA,73.530613,0.763358779,1,8,377.8,4_T3,2.81511254,0.737884534,26,13,91
T3,Low,Low,4,102_5,102,3072,1,228,270,354,233,144,191,61,NA,NA,NA,NA,139.4771592,0.530701754,1,22,779,4_T3,2.878353088,0.742158597,33,84,629
T3,Low,Low,4,48_2,48,2951,1,228,NA,NA,NA,NA,NA,NA,NA,NA,NA,NA,NA,NA,0,0,0,4_T3,NA,NA,NA,NA,NA
T3,Low,Low,4,259_19C,259,2759.964,2,260,NA,NA,NA,NA,NA,NA,NA,NA,NA,NA,NA,NA,0,0,0,4_T3,NA,NA,NA,NA,NA
T3,Low,Low,4,201_2,201,3352,1,228,NA,NA,NA,NA,NA,NA,NA,NA,NA,NA,NA,NA,0,0,0,4_T3,NA,NA,NA,NA,NA
T3,Low,Low,4,273_18C,273,2710,2,258,NA,NA,NA,NA,NA,NA,NA,NA,NA,NA,NA,NA,0,0,0,4_T3,NA,NA,NA,NA,NA
T3,Low,Low,4,49_2,49,2935,1,228,NA,NA,NA,NA,NA,NA,NA,NA,NA,NA,NA,NA,0,0,0,4_T3,NA,NA,NA,NA,NA
T3,Low,Low,4,185_2,185,3411,2,258,NA,NA,NA,NA,NA,NA,NA,NA,NA,NA,NA,NA,0,0,0,4_T3,NA,NA,NA,NA,NA
T3,Low,Low,4,273_18C,273,2710,2,258,NA,NA,NA,NA,NA,NA,NA,NA,NA,NA,NA,NA,0,0,0,4_T3,NA,NA,NA,NA,NA
T3,Low,Low,4,253_9,253,3460,1,235,NA,NA,NA,NA,NA,NA,NA,NA,NA,NA,NA,NA,0,0,0,4_T3,NA,NA,NA,NA,NA
T3,Low,Low,4,303_8,303,3570,1,235,249,325,44,NA,NA,NA,NA,NA,NA,NA,107.0523634,0.606425703,1,8,375.7,4_T3,2.048980934,0.672021563,19,76,44
T3,Low,Low,4,328_2,328,3660,1,228,262,282,102,NA,NA,NA,NA,NA,NA,NA,139.1846241,0.637931034,1,13,522.3,4_T3,1.183019624,0.541918914,25,20,102
T3,Low,Low,4,86_2,86,2880,1,231,267,273,188,NA,NA,NA,NA,NA,NA,NA,164.1145891,0.523809524,1,3,165.1,4_T3,2.961825726,0.747591119,33,6,188
T3,Low,Low,4,158_2,158,3004,1,235,NA,NA,NA,NA,NA,NA,NA,NA,NA,NA,NA,NA,0,0,0,4_T3,NA,NA,NA,NA,NA
T3,Low,Low,4,201_2,201,3352,1,228,255,295,58,NA,NA,NA,NA,NA,NA,NA,130.8996533,0.524390244,1,23,557.2,4_T3,1.896727468,0.65478285,18,40,58
T3,Low,Low,4,188_2,188,3126,1,228,NA,NA,NA,NA,NA,NA,NA,NA,NA,NA,NA,NA,0,0,0,4_T3,NA,NA,NA,NA,NA
T3,Low,Low,4,213_1,213,2789.81,1,228,266,350,320,NA,NA,NA,NA,NA,NA,NA,108.5158517,0.613756614,1,5,218.9,4_T3,2.901607404,0.743695381,29,84,320
T3,Low,Low,4,328_2,328,3660,1,228,249,338,56,45,NA,NA,NA,NA,NA,NA,147.9516627,0.428571429,1,47,1985.6,4_T3,0.783948564,0.439445722,12,89,101
T3,Low,Low,4,91_2,91,2910,2,260,236,250,47,NA,NA,NA,NA,NA,NA,NA,113.0780682,0.614173228,1,5,212.8,4_T3,2.710361068,0.730484451,31,14,47
T3,Low,Low,4,328_2,328,3660,1,228,NA,NA,NA,NA,NA,NA,NA,NA,NA,NA,NA,NA,0,0,0,4_T3,NA,NA,NA,NA,NA
T3,Low,Low,4,283_11,283,2890,2,260,238,250,194,NA,NA,NA,NA,NA,NA,NA,104.4631526,0.994652406,1,5,274.4,4_T3,2,0.666666667,33,12,194
T3,Low,Low,4,194_2,194,3108,1,230,259,274,122,74,NA,NA,NA,NA,NA,NA,115.833565,0.601503759,1,8,476.4,4_T3,1.508662962,0.601381287,24,15,196
T3,Low,Low,4,194_2,194,3108,1,230,NA,NA,NA,NA,NA,NA,NA,NA,NA,NA,NA,NA,0,0,0,4_T3,NA,NA,NA,NA,NA
T3,Low,Low,4,257_2,257,2754.1728,1,228,NA,NA,NA,NA,NA,NA,NA,NA,NA,NA,NA,NA,0,0,0,4_T3,NA,NA,NA,NA,NA
T3,Low,Low,4,185_2,185,3411,2,258,NA,NA,NA,NA,NA,NA,NA,NA,NA,NA,NA,NA,0,0,0,4_T3,NA,NA,NA,NA,NA
T3,Low,Low,4,273_18C,273,2710,2,258,NA,NA,NA,NA,NA,NA,NA,NA,NA,NA,NA,NA,0,0,0,4_T3,NA,NA,NA,NA,NA
T3,Low,Low,4,49_2,49,2935,1,228,NA,NA,NA,NA,NA,NA,NA,NA,NA,NA,NA,NA,0,0,0,4_T3,NA,NA,NA,NA,NA
T3,Low,Low,4,154_5,154,2992,2,260,NA,NA,NA,NA,NA,NA,NA,NA,NA,NA,NA,NA,0,0,0,4_T3,NA,NA,NA,NA,NA
T3,Low,Low,4,211_13A,211,3121.58,1,228,256,324,52,NA,NA,NA,NA,NA,NA,NA,111.5305726,0.538910506,1,12,518.4,4_T3,2.230883225,0.690487111,19,68,52
T3,Low,Low,4,199_1,199,3502,2,260,NA,NA,NA,NA,NA,NA,NA,NA,NA,NA,NA,NA,0,0,0,4_T3,NA,NA,NA,NA,NA
T3,Low,Low,4,207_14B,207,3218.6,2,260,NA,NA,NA,NA,NA,NA,NA,NA,NA,NA,NA,NA,0,0,0,4_T3,NA,NA,NA,NA,NA
T3,Low,Low,4,283_22,283,2890,1,228,262,285,129,NA,NA,NA,NA,NA,NA,NA,120.1487296,0.736842105,1,9,310.5,4_T3,3.750287687,0.789486434,25,23,129
T3,Low,Low,4,304_19A,304,3673,1,235,NA,NA,NA,NA,NA,NA,NA,NA,NA,NA,NA,NA,0,0,0,4_T3,NA,NA,NA,NA,NA
T3,Low,Low,4,303_8,303,3570,1,235,244,269,24,NA,NA,NA,NA,NA,NA,NA,NA,NA,1,10,365.7,4_T3,1.72679693,0.633269354,14,25,24
T3,Low,Low,4,49_2,49,2935,1,228,NA,NA,NA,NA,NA,NA,NA,NA,NA,NA,NA,NA,0,0,0,4_T3,NA,NA,NA,NA,NA
T3,Low,Low,4,98_7,98,3011,2,258,NA,NA,NA,NA,NA,NA,NA,NA,NA,NA,NA,NA,0,0,0,4_T3,NA,NA,NA,NA,NA
T3,Low,Low,4,56_3,56,3132,2,258,NA,NA,NA,NA,NA,NA,NA,NA,NA,NA,NA,NA,0,0,0,4_T3,NA,NA,NA,NA,NA
T3,Low,Low,4,201_2,201,3352,1,228,NA,NA,NA,NA,NA,NA,NA,NA,NA,NA,NA,NA,0,0,0,4_T3,NA,NA,NA,NA,NA
T3,Low,Low,4,213_1,213,2789.81,1,228,NA,NA,NA,NA,NA,NA,NA,NA,NA,NA,NA,NA,0,0,0,4_T3,NA,NA,NA,NA,NA
T3,Low,Low,4,210_3,210,3161.3,2,260,230,244,68,NA,NA,NA,NA,NA,NA,NA,210.502213,0.388349515,1,5,274.5,4_T3,2.031510658,0.670131458,25,14,68
T3,Low,Low,4,157_3,157,3004,2,260,NA,NA,NA,NA,NA,NA,NA,NA,NA,NA,NA,NA,0,0,0,4_T3,NA,NA,NA,NA,NA
T3,Low,Low,4,262_3,262,2717.292,2,260,232,320,38,NA,NA,NA,NA,NA,NA,NA,220.0111164,0.522222222,1,6,162,4_T3,0.435415403,0.303337558,27,88,38
T3,Low,Low,4,211_13A,211,3121.58,1,228,273,282,119,129,NA,NA,NA,NA,NA,NA,86.40665099,0.625482625,1,13,648.26,4_T3,1.545874293,0.607207629,36,9,248
T3,Low,Low,4,48_2,48,2951,1,235,NA,NA,NA,NA,NA,NA,NA,NA,NA,NA,NA,NA,0,0,0,4_T3,NA,NA,NA,NA,NA
T3,Low,Low,4,209_5,209,2721.21,2,260,NA,NA,NA,NA,NA,NA,NA,NA,NA,NA,NA,NA,0,0,0,4_T3,NA,NA,NA,NA,NA
T3,Low,Low,4,157_3,157,3004,2,260,NA,NA,NA,NA,NA,NA,NA,NA,NA,NA,NA,NA,0,0,0,4_T3,NA,NA,NA,NA,NA
T3,Low,Low,4,66_4,66,2940,1,228,266,282,175,NA,NA,NA,NA,NA,NA,NA,104.8689495,0.602605863,1,15,886.8,4_T3,1.413271058,0.585624666,29,16,175
T3,Low,Low,4,283_11,283,2890,2,270,231,240,311,NA,NA,NA,NA,NA,NA,NA,NA,NA,1,6,348.3,4_T3,1.011545624,0.502869839,36,9,311
T3,Low,Low,4,209_5,209,2721.21,2,260,234,250,186,NA,NA,NA,NA,NA,NA,NA,152.5690025,0.4,1,12,636.2,4_T3,3.726825843,0.788441539,29,16,186
T3,Low,Low,4,262_3,262,2717.292,2,260,244,300,65,19,32,29,11,15,9,8,100.2092804,0.71641791,1,10,238,4_T3,0.344040829,0.255974983,39,56,188
T3,Low,Low,4,283_11,283,2890,2,270,229,240,157,NA,NA,NA,NA,NA,NA,NA,NA,NA,1,5,285.8,4_T3,1.161590525,0.537377691,34,11,157
T3,Low,Low,4,207_14B,207,3218.6,2,260,NA,NA,NA,NA,NA,NA,NA,NA,NA,NA,NA,NA,0,0,0,4_T3,NA,NA,NA,NA,NA
T3,Low,Low,4,107_4,107,3091,1,228,NA,NA,NA,NA,NA,NA,NA,NA,NA,NA,NA,NA,0,0,0,4_T3,NA,NA,NA,NA,NA
T3,Low,Low,4,151_3,151,2975,1,235,NA,NA,NA,NA,NA,NA,NA,NA,NA,NA,NA,NA,0,0,0,4_T3,NA,NA,NA,NA,NA
T3,Low,Low,4,162_2,162,3055,2,260,NA,NA,NA,NA,NA,NA,NA,NA,NA,NA,NA,NA,0,0,0,4_T3,NA,NA,NA,NA,NA
T3,Low,Low,4,273_18C,273,2710,2,258,NA,NA,NA,NA,NA,NA,NA,NA,NA,NA,NA,NA,0,0,0,4_T3,NA,NA,NA,NA,NA
T3,Low,Low,4,304_19A,304,3673,1,235,248,259,11,NA,NA,NA,NA,NA,NA,NA,NA,NA,1,7,190.7,4_T3,1.081548975,0.519588531,18,11,11
T3,Low,Low,4,91_2,91,2910,2,260,NA,NA,NA,NA,NA,NA,NA,NA,NA,NA,NA,NA,0,0,0,4_T3,NA,NA,NA,NA,NA
T3,Low,Low,4,151_3,151,2975,1,235,NA,NA,NA,NA,NA,NA,NA,NA,NA,NA,NA,NA,0,0,0,4_T3,NA,NA,NA,NA,NA
T3,Low,Low,5,48_2,48,2951,1,235,NA,NA,NA,NA,NA,NA,NA,NA,NA,NA,NA,NA,0,0,0,5_T3,NA,NA,NA,NA,NA
T3,Low,Low,5,255_28,255,3341.67,1,228,250,NA,117,NA,NA,NA,NA,NA,NA,NA,NA,NA,1,14,473.5,5_T3,2.862734289,0.741116027,13,NA,117
T3,Low,Low,5,162_2,162,3055,2,260,253,267,52,NA,NA,NA,NA,NA,NA,NA,130.1617962,0.744897959,1,5,268.7,5_T3,3.079714456,0.754884806,48,14,52
T3,Low,Low,5,262_3,262,2717.292,2,260,NA,NA,NA,NA,NA,NA,NA,NA,NA,NA,NA,NA,0,0,0,5_T3,NA,NA,NA,NA,NA
T3,Low,Low,5,107_4,107,3091,1,228,266,276,243,NA,NA,NA,NA,NA,NA,NA,75.52567655,0.558490566,1,12,593.1,5_T3,1.973706531,0.663719338,29,10,243
T3,Low,Low,5,98_7,98,3011,2,258,NA,NA,NA,NA,NA,NA,NA,NA,NA,NA,NA,NA,0,0,0,5_T3,NA,NA,NA,NA,NA
T3,Low,Low,5,48_2,48,2951,1,235,NA,NA,NA,NA,NA,NA,NA,NA,NA,NA,NA,NA,0,0,0,5_T3,NA,NA,NA,NA,NA
T3,Low,Low,5,185_2,185,3411,2,258,NA,NA,NA,NA,NA,NA,NA,NA,NA,NA,NA,NA,0,0,0,5_T3,NA,NA,NA,NA,NA
T3,Low,Low,5,201_2,201,3352,1,228,NA,NA,NA,NA,NA,NA,NA,NA,NA,NA,NA,NA,0,0,0,5_T3,NA,NA,NA,NA,NA
T3,Low,Low,5,283_22,283,2890,1,228,261,275,223,NA,NA,NA,NA,NA,NA,NA,88.23334589,0.605633803,1,15,798.9,5_T3,1.40827043,0.584764241,24,14,223
T3,Low,Low,5,214_7,214,2693.59,2,260,NA,NA,NA,NA,NA,NA,NA,NA,NA,NA,NA,NA,0,0,0,5_T3,NA,NA,NA,NA,NA
T3,Low,Low,5,154_5,154,2992,2,260,230,300,118,72,68,35,26,NA,NA,NA,169.2737173,0.488888889,1,17,559.8,5_T3,1.748166259,0.635132134,25,70,319
T3,Low,Low,5,66_4,66,2940,1,228,266,295,162,NA,NA,NA,NA,NA,NA,NA,108.1441299,0.734883721,1,17,764,5_T3,2.781965481,0.735587222,29,29,162
T3,Low,Low,5,214_7,214,2693.59,2,260,247,263,412,NA,NA,NA,NA,NA,NA,NA,127.1977283,0.777777778,1,8,537.4,5_T3,2.128815629,0.680390244,42,16,412
T3,Low,Low,5,98_7,98,3011,2,258,NA,NA,NA,NA,NA,NA,NA,NA,NA,NA,NA,NA,0,0,0,5_T3,NA,NA,NA,NA,NA
T3,Low,Low,5,269_15,269,2800,1,228,260,282,89,NA,NA,NA,NA,NA,NA,NA,70.55545123,0.784946237,1,7,187.3,5_T3,3.326003824,0.768839779,23,22,89
T3,Low,Low,5,303_8,303,3570,1,235,259,269,26,NA,NA,NA,NA,NA,NA,NA,117.0804658,0.590909091,1,2,52.2,5_T3,1.736227045,0.634533252,29,10,26
T3,Low,Low,5,213_1,213,2789.81,1,228,NA,NA,NA,NA,NA,NA,NA,NA,NA,NA,NA,NA,0,0,0,5_T3,NA,NA,NA,NA,NA
T3,Low,Low,5,209_5,209,2721.21,2,260,NA,NA,NA,NA,NA,NA,NA,NA,NA,NA,NA,NA,0,0,0,5_T3,NA,NA,NA,NA,NA
T3,Low,Low,5,269_15,269,2800,1,228,256,276,35,26,NA,NA,NA,NA,NA,NA,63.55819673,0.735191638,1,16,571.2,5_T3,2.864941785,0.741263891,19,20,61
T3,Low,Low,5,98_7,98,3011,1,231,NA,NA,NA,NA,NA,NA,NA,NA,NA,NA,72.27670832,0.567765568,0,0,0,5_T3,1.844174936,0.648404187,NA,NA,NA
T3,Low,Low,5,255_28,255,3341.67,1,235,NA,NA,NA,NA,NA,NA,NA,NA,NA,NA,NA,NA,0,0,0,5_T3,NA,NA,NA,NA,NA
T3,Low,Low,5,211_13A,211,3121.58,1,228,260,282,61,NA,NA,NA,NA,NA,NA,NA,87.15402223,0.662447257,1,8,376.9,5_T3,2.493311037,0.713738631,23,22,61
T3,Low,Low,5,283_22,283,2890,1,228,262,276,104,NA,NA,NA,NA,NA,NA,NA,53.14785129,0.931428571,1,11,383.8,5_T3,1.653325817,0.62311451,25,14,104
T3,Low,Low,5,98_7,98,3011,2,258,232,245,128,NA,NA,NA,NA,NA,NA,NA,122.7152992,0.520325203,1,7,416,5_T3,2.061371841,0.673349057,25,13,128
T3,Low,Low,5,259_19C,259,2759.964,2,266,224,230,169,NA,NA,NA,NA,NA,NA,NA,97.33599357,0.478658537,1,3,131.7,5_T3,2.630643967,0.724566769,25,6,169
T3,Low,Low,5,269_15,269,2800,1,228,260,262,58,NA,NA,NA,NA,NA,NA,NA,NA,NA,1,5,162.3,5_T3,2.460410557,0.711016949,23,2,58
T3,Low,Low,5,91_2,91,2910,2,260,231,244,154,NA,NA,NA,NA,NA,NA,NA,99.69237735,0.572390572,1,5,297.3,5_T3,1.973009447,0.66364049,26,13,154
T3,Low,Low,5,86_2,86,2880,1,231,NA,NA,NA,NA,NA,NA,NA,NA,NA,NA,NA,NA,0,0,0,5_T3,NA,NA,NA,NA,NA
T3,Low,Low,5,250_16,250,3133,2,260,NA,NA,NA,NA,NA,NA,NA,NA,NA,NA,NA,NA,0,0,0,5_T3,NA,NA,NA,NA,NA
T3,Low,Low,5,328_2,328,3660,1,228,252,259,68,NA,NA,NA,NA,NA,NA,NA,NA,NA,1,39,1542.5,5_T3,1.01084135,0.502695725,15,7,68
T3,Low,Low,5,211_13A,211,3121.58,1,228,304,338,32,NA,NA,NA,NA,NA,NA,NA,77.30247337,0.636363636,1,6,324.9,5_T3,2.366980325,0.702997967,67,34,32
T3,Low,Low,5,214_7,214,2693.59,2,260,243,250,393,NA,NA,NA,NA,NA,NA,NA,135.9433722,0.587155963,1,6,420.4,5_T3,1.855960265,0.649855072,38,7,393
T3,Low,Low,5,162_2,162,3055,2,260,229,263,132,NA,NA,NA,NA,NA,NA,NA,88.57689121,0.58490566,1,6,327.34,5_T3,1.783285094,0.640712336,24,34,132
T3,Low,Low,5,98_7,98,3011,1,231,259,292,87,121,NA,NA,NA,NA,NA,NA,57.03307146,0.732142857,1,5,127.1,5_T3,2.489347966,0.713413506,25,33,208
T3,Low,Low,5,49_2,49,2935,1,228,NA,NA,NA,NA,NA,NA,NA,NA,NA,NA,NA,NA,0,0,0,5_T3,NA,NA,NA,NA,NA
T3,Low,Low,5,283_22,283,2890,1,231,254,347,131,NA,NA,NA,NA,NA,NA,NA,63.70980488,0.776699029,1,6,344.7,5_T3,2.948065173,0.746711375,20,93,131
T3,Low,Low,5,86_2,86,2880,1,241,NA,NA,NA,NA,NA,NA,NA,NA,NA,NA,NA,NA,0,0,0,5_T3,NA,NA,NA,NA,NA
T3,Low,Low,5,207_14B,207,3218.6,2,260,NA,NA,NA,NA,NA,NA,NA,NA,NA,NA,NA,NA,0,0,0,5_T3,NA,NA,NA,NA,NA
T3,Low,Low,5,162_2,162,3055,2,260,239,250,96,NA,NA,NA,NA,NA,NA,NA,75.09828976,0.711864407,1,4,208,5_T3,1.436119116,0.589511041,34,11,96
T3,Low,Low,5,304_19A,304,3673,1,235,NA,NA,NA,NA,NA,NA,NA,NA,NA,NA,NA,NA,0,0,0,5_T3,NA,NA,NA,NA,NA
T3,Low,Low,5,154_5,154,2992,2,260,NA,NA,NA,NA,NA,NA,NA,NA,NA,NA,NA,NA,0,0,0,5_T3,NA,NA,NA,NA,NA
T3,Low,Low,5,49_2,49,2935,1,228,NA,NA,NA,NA,NA,NA,NA,NA,NA,NA,NA,NA,0,0,0,5_T3,NA,NA,NA,NA,NA
T3,Low,Low,5,273_18C,273,2710,2,258,NA,NA,NA,NA,NA,NA,NA,NA,NA,NA,NA,NA,0,0,0,5_T3,NA,NA,NA,NA,NA
T3,Low,Low,5,211_13A,211,3121.58,1,228,264,295,44,NA,NA,NA,NA,NA,NA,NA,105.3461432,0.637065637,1,12,612.9,5_T3,1.675902062,0.626294245,27,31,44
T3,Low,Low,5,270_10,270,2553,1,241,249,NA,34,32,NA,NA,NA,NA,NA,NA,138.8123614,0.636363636,1,6,186.8,5_T3,1.347034096,0.573930348,25,NA,66
T3,Low,Low,5,255_28,255,3341.67,2,260,227,244,58,NA,NA,NA,NA,NA,NA,NA,135.9672347,0.416289593,1,4,203.1,5_T3,2.423883318,0.707933972,22,17,58
T3,Low,Low,6,98_7,98,3011,2,258,NA,NA,NA,NA,NA,NA,NA,NA,NA,NA,NA,NA,0,0,0,6_T3,NA,NA,NA,NA,NA
T3,Low,Low,6,211_13A,211,3121.58,1,228,262,276,51,NA,NA,NA,NA,NA,NA,NA,146.3485681,0.557971014,1,6,284.8,6_T3,2.291666667,0.696202532,25,14,51
T3,Low,Low,6,211_13A,211,3121.58,1,228,259,276,83,NA,NA,NA,NA,NA,NA,NA,120.0523744,0.611111111,1,5,220.5,6_T3,2.15417256,0.682959641,22,17,83
T3,Low,Low,6,157_3,157,3004,2,260,234,244,179,NA,NA,NA,NA,NA,NA,NA,141.4088544,0.529411765,1,4,244.37,6_T3,1.963010204,0.662505381,29,10,179
T3,Low,Low,6,304_19A,304,3673,1,241,NA,NA,NA,NA,NA,NA,NA,NA,NA,NA,108.4487576,0.528301887,0,0,0,6_T3,0.794267516,0.442669507,NA,NA,NA
T3,Low,Low,6,255_28,255,3341.67,2,260,224,230,61,NA,NA,NA,NA,NA,NA,NA,100.6161319,0.588571429,1,3,169.3,6_T3,2.601444043,0.722333601,19,6,61
T3,Low,Low,6,328_2,328,3660,1,228,262,282,81,NA,NA,NA,NA,NA,NA,NA,91.06753766,0.509933775,1,52,2276.9,6_T3,1.286816854,0.562710937,25,20,81
T3,Low,Low,6,91_2,91,2910,2,260,NA,NA,NA,NA,NA,NA,NA,NA,NA,NA,NA,NA,0,0,0,6_T3,NA,NA,NA,NA,NA
T3,Low,Low,6,210_3,210,3161.3,2,260,224,231,77,NA,NA,NA,NA,NA,NA,NA,81.08399037,0.529644269,1,5,352.9,6_T3,1.594339623,0.614545455,19,7,77
T3,Low,Low,6,102_5,102,3072,1,228,255,NA,106,NA,NA,NA,NA,NA,NA,NA,98.54438049,0.653225806,1,24,845,6_T3,1.992442323,0.665824804,18,NA,106
T3,Low,Low,6,213_1,213,2789.81,1,228,259,NA,235,322,NA,NA,NA,NA,NA,NA,109.5933038,0.62962963,1,20,1223,6_T3,6.922403004,0.873775671,22,NA,557
T3,Low,Low,6,188_2,188,3126,1,228,NA,NA,NA,NA,NA,NA,NA,NA,NA,NA,NA,NA,0,0,0,6_T3,NA,NA,NA,NA,NA
T3,Low,Low,6,86_2,86,2880,2,260,NA,NA,NA,NA,NA,NA,NA,NA,NA,NA,NA,NA,0,0,0,6_T3,NA,NA,NA,NA,NA
T3,Low,Low,6,255_28,255,3341.67,1,235,254,324,83,99,81,NA,NA,NA,NA,NA,84.01248563,0.702970297,1,19,755.24,6_T3,5.775892857,0.852417973,24,70,263
T3,Low,Low,6,102_5,102,3072,1,228,268,367,74,27,NA,NA,NA,NA,NA,NA,124.1792661,0.513888889,1,8,322.6,6_T3,2.343938563,0.700951444,31,99,101
T3,Low,Low,6,49_2,49,2935,1,235,NA,NA,NA,NA,NA,NA,NA,NA,NA,NA,NA,NA,0,0,0,6_T3,NA,NA,NA,NA,NA
T3,Low,Low,6,214_7,214,2693.59,2,260,238,250,378,NA,NA,NA,NA,NA,NA,NA,107.3459985,0.669014085,1,5,339.7,6_T3,0.8708577,0.465485804,33,12,378
T3,Low,Low,6,253_9,253,3460,1,235,249,257,98,95,87,NA,NA,NA,NA,NA,109.4113811,0.534351145,1,33,1529,6_T3,1.605697151,0.616225547,19,8,280
T3,Low,Low,6,304_19A,304,3673,1,241,234,246,19,NA,NA,NA,NA,NA,NA,NA,142.7105421,0.496240602,1,7,104,6_T3,1.104605498,0.524851569,10,12,19
T3,Low,Low,6,157_3,157,3004,2,260,NA,244,NA,NA,NA,NA,NA,NA,NA,NA,131.2136926,0.5625,1,8,528,6_T3,3.056264964,0.753467782,NA,NA,NA
T3,Low,Low,6,257_2,257,2754.1728,1,228,259,276,137,NA,NA,NA,NA,NA,NA,NA,87.14319661,0.52991453,1,8,513.8,6_T3,3.013227513,0.750823995,22,17,137
T3,Low,Low,6,49_2,49,2935,1,241,NA,NA,NA,NA,NA,NA,NA,NA,NA,NA,NA,NA,0,0,0,6_T3,NA,NA,NA,NA,NA
T3,Low,Low,6,211_13A,211,3121.58,1,228,262,304,36,NA,NA,NA,NA,NA,NA,NA,79.31050345,0.801843318,1,10,552.1,6_T3,1.862011173,0.650595354,25,42,36
T3,Low,Low,6,107_4,107,3091,1,235,NA,NA,NA,NA,NA,NA,NA,NA,NA,NA,NA,NA,0,0,0,6_T3,NA,NA,NA,NA,NA
T3,Low,Low,6,154_5,154,2992,2,260,NA,NA,NA,NA,NA,NA,NA,NA,NA,NA,NA,NA,0,0,0,6_T3,NA,NA,NA,NA,NA
T3,Low,Low,6,66_4,66,2940,1,228,266,282,153,NA,NA,NA,NA,NA,NA,NA,95.88375864,0.636655949,1,7,361.1,6_T3,1.506550218,0.601045296,29,16,153
T3,Low,Low,6,283_22,283,2890,1,231,282,301,245,NA,NA,NA,NA,NA,NA,NA,78.83914843,0.693877551,1,7,291.6,6_T3,2.512256128,0.715282723,48,19,245
T3,Low,Low,6,255_28,255,3341.67,1,235,259,347,76,73,42,36,82,NA,NA,NA,83.77077687,0.511945392,1,19,546,6_T3,1.701489269,0.629833806,29,88,309
T3,Low,Low,6,201_2,201,3352,1,228,NA,NA,NA,NA,NA,NA,NA,NA,NA,NA,NA,NA,0,0,0,6_T3,NA,NA,NA,NA,NA
T3,Low,Low,6,188_2,188,3126,1,228,NA,NA,NA,NA,NA,NA,NA,NA,NA,NA,NA,NA,0,0,0,6_T3,NA,NA,NA,NA,NA
T3,Low,Low,6,214_7,214,2693.59,2,260,NA,NA,NA,NA,NA,NA,NA,NA,NA,NA,NA,NA,0,0,0,6_T3,NA,NA,NA,NA,NA
T3,Low,Low,6,107_4,107,3091,1,235,261,275,171,69,NA,NA,NA,NA,NA,NA,196.5324089,0.406593407,1,5,224,6_T3,1.784358827,0.640850888,31,14,240
T3,Low,Low,6,328_2,328,3660,1,228,NA,NA,NA,NA,NA,NA,NA,NA,NA,NA,NA,NA,0,0,0,6_T3,NA,NA,NA,NA,NA
T3,Low,Low,6,262_3,262,2717.292,2,260,NA,NA,NA,NA,NA,NA,NA,NA,NA,NA,122.5510217,0.631578947,0,0,0,6_T3,0.440313112,0.305706522,NA,NA,NA
T3,Low,Low,6,188_2,188,3126,1,228,NA,NA,NA,NA,NA,NA,NA,NA,NA,NA,NA,NA,0,0,0,6_T3,NA,NA,NA,NA,NA
T3,Low,Low,6,328_2,328,3660,1,228,264,295,91,NA,NA,NA,NA,NA,NA,NA,73.94678267,0.671641791,1,53,2353.8,6_T3,1.429764783,0.588437528,27,31,91
T3,Low,Low,6,253_9,253,3460,1,241,244,263,73,NA,NA,NA,NA,NA,NA,NA,119.6564071,0.452,1,19,586.6,6_T3,2.243307087,0.691672736,20,19,73
T3,Low,Low,6,98_7,98,3011,2,258,NA,NA,NA,NA,NA,NA,NA,NA,NA,NA,NA,NA,0,0,0,6_T3,NA,NA,NA,NA,NA
T3,Low,Low,6,199_1,199,3502,2,260,300,330,51,NA,NA,NA,NA,NA,NA,NA,97.4379552,0.510344828,1,0,0,6_T3,2.048360656,0.671954827,95,30,51
T3,Low,Low,6,250_16,250,3133,2,260,NA,NA,NA,NA,NA,NA,NA,NA,NA,NA,NA,NA,0,0,0,6_T3,NA,NA,NA,NA,NA
T3,Low,Low,6,255_28,255,3341.67,1,241,NA,NA,NA,NA,NA,NA,NA,NA,NA,NA,NA,NA,0,0,0,6_T3,NA,NA,NA,NA,NA
T3,Low,Low,6,304_19A,304,3673,1,241,NA,NA,NA,NA,NA,NA,NA,NA,NA,NA,NA,NA,0,0,0,6_T3,NA,NA,NA,NA,NA
T3,Low,Low,6,213_1,213,2789.81,1,228,NA,NA,NA,NA,NA,NA,NA,NA,NA,NA,NA,NA,0,0,0,6_T3,NA,NA,NA,NA,NA
T3,Low,Low,6,303_8,303,3570,1,235,248,269,54,NA,NA,NA,NA,NA,NA,NA,119.6225578,0.471830986,1,5,255,6_T3,2.599469496,0.722181282,18,21,54
T3,Low,Low,6,162_2,162,3055,2,260,NA,NA,NA,NA,NA,NA,NA,NA,NA,NA,NA,NA,0,0,0,6_T3,NA,NA,NA,NA,NA
T3,Low,Low,6,273_18C,273,2710,2,258,232,246,153,NA,NA,NA,NA,NA,NA,NA,NA,NA,1,6,265.3,6_T3,NA,NA,25,14,153
T3,Low,Low,6,257_2,257,2754.1728,1,228,263,276,87,NA,NA,NA,NA,NA,NA,NA,148.1149916,0.549450549,1,6,327.1,6_T3,2.289057559,0.695961538,26,13,87
T3,Low,Low,6,262_3,262,2717.292,2,260,NA,NA,NA,NA,NA,NA,NA,NA,NA,NA,NA,NA,0,0,0,6_T3,NA,NA,NA,NA,NA
T3,Low,Low,6,210_3,210,3161.3,2,260,227,238,51,NA,NA,NA,NA,NA,NA,NA,91.45345856,0.551136364,1,3,134.5,6_T3,1.756376429,0.63720485,22,11,51
T3,Low,Low,6,257_2,257,2754.1728,1,228,259,276,189,NA,NA,NA,NA,NA,NA,NA,116.0837505,0.617647059,1,12,777.7,6_T3,2.522600086,0.716118783,22,17,189
T3,Low,Low,6,304_19A,304,3673,1,241,234,282,35,NA,NA,NA,NA,NA,NA,NA,123.5599989,0.543046358,1,8,225.4,6_T3,0.838637215,0.456118917,10,48,35
T3,Low,Low,7,194_2,194,3108,1,230,NA,NA,NA,NA,NA,NA,NA,NA,NA,NA,NA,NA,0,0,0,7_T3,NA,NA,NA,NA,NA
T3,Low,Low,7,273_18C,273,2710,2,258,NA,NA,NA,NA,NA,NA,NA,NA,NA,NA,NA,NA,0,0,0,7_T3,NA,NA,NA,NA,NA
T3,Low,Low,7,157_3,157,3004,2,260,231,250,84,NA,NA,NA,NA,NA,NA,NA,155.5649406,0.533783784,1,4,223.7,7_T3,1.764434998,0.63826243,26,19,84
T3,Low,Low,7,157_3,157,3004,2,260,236,256,51,46,NA,NA,NA,NA,NA,NA,135.9100946,0.46,1,5,229,7_T3,2.703808181,0.730007616,31,20,97
T3,Low,Low,7,283_22,283,2890,1,228,261,276,83,66,45,NA,NA,NA,NA,NA,112.8408697,0.623762376,1,16,568.5,7_T3,2.112548512,0.678719867,24,15,194
T3,Low,Low,7,253_9,253,3460,1,241,NA,NA,NA,NA,NA,NA,NA,NA,NA,NA,NA,NA,0,0,0,7_T3,NA,NA,NA,NA,NA
T3,Low,Low,7,328_2,328,3660,1,228,NA,NA,NA,NA,NA,NA,NA,NA,NA,NA,NA,NA,0,0,0,7_T3,NA,NA,NA,NA,NA
T3,Low,Low,7,86_2,86,2880,2,260,NA,NA,NA,NA,NA,NA,NA,NA,NA,NA,NA,NA,0,0,0,7_T3,NA,NA,NA,NA,NA
T3,Low,Low,7,154_5,154,2992,2,260,NA,NA,NA,NA,NA,NA,NA,NA,NA,NA,NA,NA,0,0,0,7_T3,NA,NA,NA,NA,NA
T3,Low,Low,7,194_2,194,3108,1,241,246,251,115,NA,NA,NA,NA,NA,NA,NA,131.9829087,0.616883117,1,3,165,7_T3,1.494389027,0.599100225,22,5,115
T3,Low,Low,7,283_22,283,2890,1,231,256,308,52,NA,NA,NA,NA,NA,NA,NA,102.4962495,0.569230769,1,8,311.5,7_T3,2.507529508,0.714899049,22,52,52
T3,Low,Low,7,102_5,102,3072,1,228,279,310,47,35,NA,NA,NA,NA,NA,NA,123.6428863,0.613636364,1,11,296.7,7_T3,2.481956974,0.712805182,42,31,82
T3,Low,Low,7,273_18C,273,2710,2,258,NA,NA,NA,NA,NA,NA,NA,NA,NA,NA,NA,NA,0,0,0,7_T3,NA,NA,NA,NA,NA
T3,Low,Low,7,273_18C,273,2710,2,258,NA,NA,NA,NA,NA,NA,NA,NA,NA,NA,NA,NA,0,0,0,7_T3,NA,NA,NA,NA,NA
T3,Low,Low,7,328_2,328,3660,1,228,255,343,79,103,NA,NA,NA,NA,NA,NA,120.5983595,0.5,1,45,1785.8,7_T3,0.541084573,0.351106346,18,88,182
T3,Low,Low,7,250_16,250,3133,2,260,NA,NA,NA,NA,NA,NA,NA,NA,NA,NA,NA,NA,0,0,0,7_T3,NA,NA,NA,NA,NA
T3,Low,Low,7,262_3,262,2717.292,2,260,NA,NA,NA,NA,NA,NA,NA,NA,NA,NA,NA,NA,0,0,0,7_T3,NA,NA,NA,NA,NA
T3,Low,Low,7,255_28,255,3341.67,1,241,229,249,85,NA,NA,NA,NA,NA,NA,NA,114.6552975,0.654411765,1,9,342.8,7_T3,1.800980023,0.642982102,5,20,85
T3,Low,Low,7,269_15,269,2800,1,228,252,NA,41,NA,NA,NA,NA,NA,NA,NA,73.49821245,0.743842365,1,12,335.1,7_T3,3.212580349,0.762615804,15,NA,41
T3,Low,Low,7,303_8,303,3570,1,235,NA,NA,NA,NA,NA,NA,NA,NA,NA,NA,NA,NA,0,0,0,7_T3,NA,NA,NA,NA,NA
T3,Low,Low,7,214_7,214,2693.59,2,260,244,272,173,343,NA,NA,NA,NA,NA,NA,NA,NA,1,16,779.3,7_T3,1.427381384,0.588033423,39,28,516
T3,Low,Low,7,283_22,283,2890,1,231,NA,NA,NA,NA,NA,NA,NA,NA,NA,NA,60.44739235,0.494199536,1,11,494.2,7_T3,NA,NA,NA,NA,NA
T3,Low,Low,7,253_9,253,3460,1,241,NA,NA,NA,NA,NA,NA,NA,NA,NA,NA,NA,NA,0,0,0,7_T3,NA,NA,NA,NA,NA
T3,Low,Low,7,107_4,107,3091,1,235,259,297,134,NA,NA,NA,NA,NA,NA,NA,88.58867352,0.603448276,1,9,320.2,7_T3,2.059688196,0.673169311,29,38,134
T3,Low,Low,7,48_2,48,2951,1,235,NA,NA,NA,NA,NA,NA,NA,NA,NA,NA,NA,NA,0,0,0,7_T3,NA,NA,NA,NA,NA
T3,Low,Low,7,201_2,201,3352,1,228,NA,NA,NA,NA,NA,NA,NA,NA,NA,NA,NA,NA,0,0,0,7_T3,NA,NA,NA,NA,NA
T3,Low,Low,7,86_2,86,2880,2,260,NA,NA,NA,NA,NA,NA,NA,NA,NA,NA,NA,NA,0,0,0,7_T3,NA,NA,NA,NA,NA
T3,Low,Low,7,162_2,162,3055,2,260,NA,NA,NA,NA,NA,NA,NA,NA,NA,NA,NA,NA,0,0,0,7_T3,NA,NA,NA,NA,NA
T3,Low,Low,7,98_7,98,3011,2,258,NA,NA,NA,NA,NA,NA,NA,NA,NA,NA,NA,NA,0,0,0,7_T3,NA,NA,NA,NA,NA
T3,Low,Low,7,211_13A,211,3121.58,1,228,262,276,53,NA,NA,NA,NA,NA,NA,NA,58.59923025,0.848920863,1,33,1685,7_T3,1.980100545,0.664440852,25,14,53
T3,Low,Low,7,188_2,188,3126,1,228,279,310,132,NA,NA,NA,NA,NA,NA,NA,65.89521164,0.548902196,1,15,550.8,7_T3,1.72695363,0.633290427,42,31,132
T3,Low,Low,7,201_2,201,3352,1,235,NA,NA,NA,NA,NA,NA,NA,NA,NA,NA,NA,NA,0,0,0,7_T3,NA,NA,NA,NA,NA
T3,Low,Low,7,66_4,66,2940,1,228,266,288,61,NA,NA,NA,NA,NA,NA,NA,103.3358004,0.581151832,1,13,654.1,7_T3,1.631040892,0.619922289,29,22,61
T3,Low,Low,7,102_5,102,3072,1,228,NA,NA,NA,NA,NA,NA,NA,NA,NA,NA,NA,NA,0,0,0,7_T3,NA,NA,NA,NA,NA
T3,Low,Low,7,199_1,199,3502,2,260,NA,NA,NA,NA,NA,NA,NA,NA,NA,NA,NA,NA,0,0,0,7_T3,NA,NA,NA,NA,NA
T3,Low,Low,7,262_3,262,2717.292,2,260,NA,NA,NA,NA,NA,NA,NA,NA,NA,NA,NA,NA,0,0,0,7_T3,NA,NA,NA,NA,NA
T3,Low,Low,7,250_16,250,3133,2,260,NA,NA,NA,NA,NA,NA,NA,NA,NA,NA,NA,NA,0,0,0,7_T3,NA,NA,NA,NA,NA
T3,Low,Low,7,253_9,253,3460,1,241,NA,NA,NA,NA,NA,NA,NA,NA,NA,NA,NA,NA,0,0,0,7_T3,NA,NA,NA,NA,NA
T3,Low,Low,7,255_28,255,3341.67,2,260,227,231,69,NA,NA,NA,NA,NA,NA,NA,113.1002332,0.507462687,1,3,162.4,7_T3,1.659327217,0.623965041,22,4,69
T3,Low,Low,7,210_3,210,3161.3,2,260,NA,NA,NA,NA,NA,NA,NA,NA,NA,NA,NA,NA,0,0,0,7_T3,NA,NA,NA,NA,NA
T3,Low,Low,7,283_22,283,2890,1,231,285,NA,70,NA,NA,NA,NA,NA,NA,NA,109.785166,0.666666667,1,5,131.2,7_T3,0.769358868,0.434823529,51,NA,70
T3,Low,Low,7,194_2,194,3108,1,241,246,251,142,NA,NA,NA,NA,NA,NA,NA,104.3887731,0.498039216,1,4,270.4,7_T3,1.379310345,0.579710145,22,5,142
T3,Low,Low,7,102_5,102,3072,1,228,NA,NA,NA,NA,NA,NA,NA,NA,NA,NA,NA,NA,0,0,0,7_T3,NA,NA,NA,NA,NA
T3,Low,Low,7,269_15,269,2800,1,231,256,NA,56,61,NA,NA,NA,NA,NA,NA,69.51002584,0.729508197,1,12,381.1,7_T3,1.589823468,0.613873296,22,NA,117
T3,Low,Low,7,269_15,269,2800,1,232,254,348,54,81,48,NA,NA,NA,NA,NA,66.1793438,0.746268657,1,19,587,7_T3,2.636721546,0.725027064,21,94,183
T3,Low,Low,7,201_2,201,3352,1,235,NA,NA,NA,NA,NA,NA,NA,NA,NA,NA,NA,NA,0,0,0,7_T3,NA,NA,NA,NA,NA
T3,Low,Low,8,328_2,328,3660,1,228,256,288,59,NA,NA,NA,NA,NA,NA,NA,103.5360009,0.556390977,1,68,3075.3,8_T3,1.17695078,0.540641888,19,32,59
T3,Low,Low,8,253_9,253,3460,1,241,NA,NA,NA,NA,NA,NA,NA,NA,NA,NA,NA,NA,0,0,0,8_T3,NA,NA,NA,NA,NA
T3,Low,Low,8,250_16,250,3133,2,260,NA,NA,NA,NA,NA,NA,NA,NA,NA,NA,NA,NA,0,0,0,8_T3,NA,NA,NA,NA,NA
T3,Low,Low,8,107_4,107,3091,1,235,NA,NA,NA,NA,NA,NA,NA,NA,NA,NA,97.5629192,0.609756098,0,0,0,8_T3,2.186656076,0.686191426,NA,NA,NA
T4,Low,High,1,157_3,157,3004,2,258,NA,NA,NA,NA,NA,NA,NA,NA,NA,NA,NA,NA,0,0,0,1_T4,NA,NA,NA,NA,NA
T4,Low,High,1,253_9,253,3460,1,231,265,300,32,NA,NA,NA,NA,NA,NA,NA,80.5377955,0.483383686,1,16,321.2,1_T4,1.598224195,0.615121743,31,35,32
T4,Low,High,1,214_7,214,2693.59,1,237,NA,NA,NA,NA,NA,NA,NA,NA,NA,NA,NA,NA,0,0,0,1_T4,NA,NA,NA,NA,NA
T4,Low,High,1,49_2,49,2935,1,241,NA,NA,NA,NA,NA,NA,NA,NA,NA,NA,NA,NA,0,0,0,1_T4,NA,NA,NA,NA,NA
T4,Low,High,1,98_7,98,3011,1,229,NA,NA,NA,NA,NA,NA,NA,NA,NA,NA,NA,NA,0,0,0,1_T4,NA,NA,NA,NA,NA
T4,Low,High,1,98_7,98,3011,1,229,NA,NA,NA,NA,NA,NA,NA,NA,NA,NA,NA,NA,0,0,0,1_T4,NA,NA,NA,NA,NA
T4,Low,High,1,189_1,189,3273,1,232,NA,NA,NA,NA,NA,NA,NA,NA,NA,NA,108.2656667,0.44,0,0,0,1_T4,2.113492063,0.678817232,NA,NA,NA
T4,Low,High,1,50_1,50,2934,1,241,NA,NA,NA,NA,NA,NA,NA,NA,NA,NA,NA,NA,0,0,0,1_T4,NA,NA,NA,NA,NA
T4,Low,High,1,271_1,271,2708,1,237,NA,NA,NA,NA,NA,NA,NA,NA,NA,NA,NA,NA,0,0,0,1_T4,NA,NA,NA,NA,NA
T4,Low,High,1,267_12,267,2498.61,1,237,NA,NA,NA,NA,NA,NA,NA,NA,NA,NA,NA,NA,0,0,0,1_T4,NA,NA,NA,NA,NA
T4,Low,High,1,185_2,185,3411,2,259,NA,NA,NA,NA,NA,NA,NA,NA,NA,NA,NA,NA,0,0,0,1_T4,NA,NA,NA,NA,NA
T4,Low,High,1,189_1,189,3273,1,237,NA,NA,NA,NA,NA,NA,NA,NA,NA,NA,NA,NA,0,0,0,1_T4,NA,NA,NA,NA,NA
T4,Low,High,1,304_19A,304,3673,1,232,NA,NA,NA,NA,NA,NA,NA,NA,NA,NA,NA,NA,0,0,0,1_T4,NA,NA,NA,NA,NA
T4,Low,High,1,270_26,270,2553,1,241,NA,NA,NA,NA,NA,NA,NA,NA,NA,NA,NA,NA,0,0,0,1_T4,NA,NA,NA,NA,NA
T4,Low,High,1,107_4,107,3091,1,232,NA,NA,NA,NA,NA,NA,NA,NA,NA,NA,NA,NA,0,0,0,1_T4,NA,NA,NA,NA,NA
T4,Low,High,1,269_15,269,2800,1,231,254,357,154,NA,NA,NA,NA,NA,NA,NA,99.57367585,0.491400491,1,11,567.4,1_T4,NA,0.65653237,20,103,154
T4,Low,High,1,210_3,210,3161.3,2,258,241,299,92,NA,NA,NA,NA,NA,NA,NA,95.59091274,0.560846561,1,34,839.42,1_T4,1.765523107,0.638404757,34,58,92
T4,Low,High,1,66_4,66,2940,1,232,269,291,208,NA,NA,NA,NA,NA,NA,NA,111.8503741,0.453015428,1,28,1300.4,1_T4,3.268817204,0.765743073,36,22,208
T4,Low,High,1,304_19A,304,3673,1,232,251,258,19,NA,NA,NA,NA,NA,NA,NA,88.7597991,0.482213439,1,4,131.8,1_T4,0.988873435,0.497202797,18,7,19
T4,Low,High,1,273_37,273,2710,1,229,NA,NA,NA,NA,NA,NA,NA,NA,NA,NA,94.1287032,0.461904762,0,0,0,1_T4,4.449722882,0.816504431,NA,NA,NA
T4,Low,High,1,270_26,270,2553,1,241,NA,NA,NA,NA,NA,NA,NA,NA,NA,NA,NA,NA,0,0,0,1_T4,NA,NA,NA,NA,NA
T4,Low,High,1,255_28,255,3341.67,1,231,NA,NA,NA,NA,NA,NA,NA,NA,NA,NA,NA,NA,0,0,0,1_T4,NA,NA,NA,NA,NA
T4,Low,High,1,1_3,1,2989,1,232,NA,NA,NA,NA,NA,NA,NA,NA,NA,NA,NA,NA,0,0,0,1_T4,NA,NA,NA,NA,NA
T4,Low,High,1,270_10,270,2553,1,229,NA,NA,NA,NA,NA,NA,NA,NA,NA,NA,NA,NA,0,0,0,1_T4,NA,NA,NA,NA,NA
T4,Low,High,1,328_2,328,3660,1,229,256,345,114,NA,NA,NA,NA,NA,NA,NA,112.7570532,0.525925926,1,47,1996.02,1_T4,1.294450431,0.564165786,20,89,114
T4,Low,High,1,189_1,189,3273,2,258,NA,NA,NA,NA,NA,NA,NA,NA,NA,NA,NA,NA,0,0,0,1_T4,NA,NA,NA,NA,NA
T4,Low,High,1,250_28,250,3133,1,229,NA,NA,NA,NA,NA,NA,NA,NA,NA,NA,NA,NA,0,0,0,1_T4,NA,NA,NA,NA,NA
T4,Low,High,1,263_1,263,2795.3208,2,259,NA,NA,NA,NA,NA,NA,NA,NA,NA,NA,NA,NA,0,0,0,1_T4,NA,NA,NA,NA,NA
T4,Low,High,1,46_3A,46,3009,1,231,NA,NA,NA,NA,NA,NA,NA,NA,NA,NA,NA,NA,0,0,0,1_T4,NA,NA,NA,NA,NA
T4,Low,High,1,158_2,158,3004,1,229,NA,NA,NA,NA,NA,NA,NA,NA,NA,NA,NA,NA,0,0,0,1_T4,NA,NA,NA,NA,NA
T4,Low,High,1,214_7,214,2693.59,2,258,NA,NA,NA,NA,NA,NA,NA,NA,NA,NA,NA,NA,0,0,0,1_T4,NA,NA,NA,NA,NA
T4,Low,High,1,273_37,273,2710,1,229,NA,NA,NA,NA,NA,NA,NA,NA,NA,NA,NA,NA,0,0,0,1_T4,NA,NA,NA,NA,NA
T4,Low,High,1,211_13A,211,3121.58,1,231,272,340,26,181,NA,NA,NA,NA,NA,NA,131.6844114,0.417948718,1,12,581.76,1_T4,1.588543689,0.613682394,38,68,207
T4,Low,High,1,154_5,154,2992,1,231,NA,NA,NA,NA,NA,NA,NA,NA,NA,NA,NA,NA,0,0,0,1_T4,NA,NA,NA,NA,NA
T4,Low,High,1,185_2,185,3411,2,259,NA,NA,NA,NA,NA,NA,NA,NA,NA,NA,NA,NA,0,0,0,1_T4,NA,NA,NA,NA,NA
T4,Low,High,1,304_19A,304,3673,1,232,271,275,32,NA,NA,NA,NA,NA,NA,NA,102.4419612,0.460431655,1,2,36.5,1_T4,0.572630923,0.364122894,38,4,32
T4,Low,High,1,257_2,257,2754.1728,1,231,NA,NA,NA,NA,NA,NA,NA,NA,NA,NA,NA,NA,0,0,0,1_T4,NA,NA,NA,NA,NA
T4,Low,High,1,283_11,283,2890,2,271,NA,NA,NA,NA,NA,NA,NA,NA,NA,NA,89.25340492,0.422005571,0,0,0,1_T4,2.278117359,0.694946858,NA,NA,NA
T4,Low,High,1,250_16,250,3133,2,258,NA,NA,NA,NA,NA,NA,NA,NA,NA,NA,NA,NA,0,0,0,1_T4,NA,NA,NA,NA,NA
T4,Low,High,1,207_14B,207,3218.6,2,258,NA,NA,NA,NA,NA,NA,NA,NA,NA,NA,NA,NA,0,0,0,1_T4,NA,NA,NA,NA,NA
T4,Low,High,1,56_3,56,3132,1,231,NA,NA,NA,NA,NA,NA,NA,NA,NA,NA,NA,NA,0,0,0,1_T4,NA,NA,NA,NA,NA
T4,Low,High,1,304_19A,304,3673,1,237,NA,NA,NA,NA,NA,NA,NA,NA,NA,NA,122.3239074,0.407692308,0,4,115,1_T4,1.079919069,0.519212062,NA,NA,NA
T4,Low,High,1,158_2,158,3004,1,229,NA,NA,NA,NA,NA,NA,NA,NA,NA,NA,NA,NA,0,0,0,1_T4,NA,NA,NA,NA,NA
T4,Low,High,1,211_13A,211,3121.58,1,231,259,292,40,NA,NA,NA,NA,NA,NA,NA,110.1159397,0.476839237,1,20,797.2,1_T4,NA,0.808606218,25,33,40
T4,Low,High,1,49_2,49,2935,1,241,NA,NA,NA,NA,NA,NA,NA,NA,NA,NA,NA,NA,0,0,0,1_T4,NA,NA,NA,NA,NA
T4,Low,High,1,66_4,66,2940,1,232,NA,NA,NA,NA,NA,NA,NA,NA,NA,NA,NA,NA,0,0,0,1_T4,NA,NA,NA,NA,NA
T4,Low,High,1,255_28,255,3341.67,1,231,NA,NA,NA,NA,NA,NA,NA,NA,NA,NA,NA,NA,0,0,0,1_T4,NA,NA,NA,NA,NA
T4,Low,High,1,194_2,194,3108,1,229,NA,NA,NA,NA,NA,NA,NA,NA,NA,NA,NA,NA,0,0,0,1_T4,NA,NA,NA,NA,NA
T4,Low,High,1,86_2,86,2880,2,258,NA,NA,NA,NA,NA,NA,NA,NA,NA,NA,NA,NA,0,0,0,1_T4,NA,NA,NA,NA,NA
T4,Low,High,1,210_3,210,3161.3,2,258,230,236,80,NA,NA,NA,NA,NA,NA,NA,111.0529853,0.432160804,1,4,219.8,1_T4,1.502262443,0.600361664,23,6,80
T4,Low,High,1,66_4,66,2940,1,232,267,291,142,NA,NA,NA,NA,NA,NA,NA,124.7288812,0.432973806,1,12,583.74,1_T4,1.120913569,0.528505068,34,24,142
T4,Low,High,1,81_1,81,3095,1,232,NA,NA,NA,NA,NA,NA,NA,NA,NA,NA,NA,NA,0,0,0,1_T4,NA,NA,NA,NA,NA
T4,Low,High,1,211_13A,211,3121.58,1,231,259,292,93,NA,NA,NA,NA,NA,NA,NA,141.2120277,0.429752066,1,26,1367.3,1_T4,3.188963211,0.761277445,25,33,93
T4,Low,High,1,255_28,255,3341.67,1,231,256,272,74,NA,NA,NA,NA,NA,NA,NA,100.9531852,0.458221024,1,9,527.3,1_T4,1.905198777,0.655789474,22,16,74
T4,Low,High,1,263_1,263,2795.3208,2,268,233,263,247,NA,NA,NA,NA,NA,NA,NA,103.4547939,0.528089888,1,9,519.6,1_T4,2.911578947,0.744348762,36,30,247
T4,Low,High,1,207_14B,207,3218.6,2,258,243,258,63,NA,NA,NA,NA,NA,NA,NA,98.98964444,0.341232227,1,6,171.13,1_T4,2.537442396,0.717309884,36,15,63
T4,Low,High,1,273_18C,273,2710,2,258,NA,NA,NA,NA,NA,NA,NA,NA,NA,NA,NA,NA,0,0,0,1_T4,NA,NA,NA,NA,NA
T4,Low,High,1,107_4,107,3091,1,232,266,291,115,156,NA,NA,NA,NA,NA,NA,94.81034203,0.434628975,1,1,21.8,1_T4,2.002463606,0.666940176,33,25,271
T4,Low,High,1,259_19C,259,2759.964,1,237,250,NA,180,NA,NA,NA,NA,NA,NA,NA,120.4848456,0.366167024,1,17,716.96,1_T4,1.680927835,0.626994809,22,NA,180
T4,Low,High,1,98_7,98,3011,1,229,NA,NA,NA,NA,NA,NA,NA,NA,NA,NA,NA,NA,0,0,0,1_T4,NA,NA,NA,NA,NA
T4,Low,High,1,67_4,67,2903,1,229,274,359,394,NA,NA,NA,NA,NA,NA,NA,126.1004931,0.351585014,1,10,531.8,1_T4,3.328,0.768946396,38,85,394
T4,Low,High,1,259_19C,259,2759.964,1,237,NA,NA,NA,NA,NA,NA,NA,NA,NA,NA,NA,NA,0,0,0,1_T4,NA,NA,NA,NA,NA
T4,Low,High,1,257_2,257,2754.1728,1,231,NA,NA,NA,NA,NA,NA,NA,NA,NA,NA,NA,NA,0,0,0,1_T4,NA,NA,NA,NA,NA
T4,Low,High,1,213_1,213,2789.81,2,258,NA,NA,NA,NA,NA,NA,NA,NA,NA,NA,NA,NA,0,0,0,1_T4,NA,NA,NA,NA,NA
T4,Low,High,1,91_2,91,2910,2,258,NA,NA,NA,NA,NA,NA,NA,NA,NA,NA,NA,NA,0,0,0,1_T4,NA,NA,NA,NA,NA
T4,Low,High,1,66_4,66,2940,1,232,266,291,297,NA,NA,NA,NA,NA,NA,NA,122.2994833,0.421602787,1,16,911,1_T4,1.632731377,0.620166338,33,25,297
T4,Low,High,1,259_19C,259,2759.964,1,237,NA,NA,NA,NA,NA,NA,NA,NA,NA,NA,NA,NA,0,0,0,1_T4,NA,NA,NA,NA,NA
T4,Low,High,1,253_9,253,3460,1,231,259,312,31,NA,NA,NA,NA,NA,NA,NA,136.3642317,0.375464684,1,33,1139.26,1_T4,2.800421644,0.736871302,25,53,31
T4,Low,High,1,154_5,154,2992,1,232,266,339,72,125,86,NA,NA,NA,NA,NA,121.7406512,0.347578348,1,6,166.35,1_T4,1.435249307,0.589364425,33,73,283
T4,Low,High,1,49_2,49,2935,1,241,NA,NA,NA,NA,NA,NA,NA,NA,NA,NA,NA,NA,0,0,0,1_T4,NA,NA,NA,NA,NA
T4,Low,High,1,162_2,162,3055,1,229,NA,NA,NA,NA,NA,NA,NA,NA,NA,NA,NA,NA,0,0,0,1_T4,NA,NA,NA,NA,NA
T4,Low,High,1,188_2,188,3126,1,229,NA,NA,NA,NA,NA,NA,NA,NA,NA,NA,NA,NA,0,0,0,1_T4,NA,NA,NA,NA,NA
T4,Low,High,1,210_3,210,3161.3,2,258,NA,NA,NA,NA,NA,NA,NA,NA,NA,NA,NA,NA,0,0,0,1_T4,NA,NA,NA,NA,NA
T4,Low,High,1,98_7,98,3011,1,229,NA,NA,NA,NA,NA,NA,NA,NA,NA,NA,NA,NA,0,0,0,1_T4,NA,NA,NA,NA,NA
T4,Low,High,1,263_1,263,2795.3208,2,268,230,242,307,NA,NA,NA,NA,NA,NA,NA,155.7330648,0.39380531,1,5,313.74,1_T4,4.888349515,0.830173124,33,12,307
T4,Low,High,1,255_28,255,3341.67,1,231,255,261,141,NA,NA,NA,NA,NA,NA,NA,116.1345354,0.393063584,1,6,266.3,1_T4,1.874892888,0.652160954,21,6,141
T4,Low,High,1,50_1,50,2934,2,258,NA,NA,NA,NA,NA,NA,NA,NA,NA,NA,NA,NA,0,0,0,1_T4,NA,NA,NA,NA,NA
T4,Low,High,1,68_1,68,2904,2,258,NA,NA,NA,NA,NA,NA,NA,NA,NA,NA,NA,NA,0,0,0,1_T4,NA,NA,NA,NA,NA
T4,Low,High,1,213_1,213,2789.81,1,241,NA,NA,NA,NA,NA,NA,NA,NA,NA,NA,NA,NA,0,0,0,1_T4,NA,NA,NA,NA,NA
T4,Low,High,1,283_22,283,2890,1,232,NA,NA,NA,NA,NA,NA,NA,NA,NA,NA,NA,NA,0,0,0,1_T4,NA,NA,NA,NA,NA
T4,Low,High,1,56_3,56,3132,1,231,NA,NA,NA,NA,NA,NA,NA,NA,NA,NA,NA,NA,0,0,0,1_T4,NA,NA,NA,NA,NA
T4,Low,High,1,213_1,213,2789.81,2,258,NA,NA,NA,NA,NA,NA,NA,NA,NA,NA,NA,NA,0,0,0,1_T4,NA,NA,NA,NA,NA
T4,Low,High,2,199_1,199,3502,2,258,NA,NA,NA,NA,NA,NA,NA,NA,NA,NA,NA,NA,0,0,0,2_T4,NA,NA,NA,NA,NA
T4,Low,High,2,86_2,86,2880,2,258,NA,NA,NA,NA,NA,NA,NA,NA,NA,NA,NA,NA,0,0,0,2_T4,NA,NA,NA,NA,NA
T4,Low,High,2,328_2,328,3660,1,229,NA,NA,NA,NA,NA,NA,NA,NA,NA,NA,NA,NA,0,0,0,2_T4,NA,NA,NA,NA,NA
T4,Low,High,2,91_2,91,2910,2,258,236,273,214,NA,NA,NA,NA,NA,NA,NA,87.42591258,0.3420806,1,16,669.6,2_T4,1.064313177,0.515577379,29,37,214
T4,Low,High,2,270_10,270,2553,1,229,NA,NA,NA,NA,NA,NA,NA,NA,NA,NA,NA,NA,0,0,0,2_T4,NA,NA,NA,NA,NA
T4,Low,High,2,48_2,48,2951,2,258,NA,NA,NA,NA,NA,NA,NA,NA,NA,NA,NA,NA,0,0,0,2_T4,NA,NA,NA,NA,NA
T4,Low,High,2,211_13A,211,3121.58,1,231,268,291,76,NA,NA,NA,NA,NA,NA,NA,126.8383821,0.339449541,1,6,240.3,2_T4,2.581560284,0.720792079,34,23,76
T4,Low,High,2,304_19A,304,3673,1,237,251,255,13,21,NA,NA,NA,NA,NA,NA,95.69911613,0.433035714,1,7,182.2,2_T4,1.093158419,0.522253074,23,4,34
T4,Low,High,2,269_15,269,2800,1,231,246,362,70,NA,NA,NA,NA,NA,NA,NA,92.86392063,0.383908046,1,7,293.3,2_T4,1.280650407,0.56152859,12,116,70
T4,Low,High,2,263_1,263,2795.3208,2,271,232,252,375,NA,NA,NA,NA,NA,NA,NA,144.8005215,0.421705426,1,17,916.21,2_T4,0.85890707,0.462049493,38,20,375
T4,Low,High,2,48_2,48,2951,1,229,NA,NA,NA,NA,NA,NA,NA,NA,NA,NA,NA,NA,0,0,0,2_T4,NA,NA,NA,NA,NA
T4,Low,High,2,328_2,328,3660,1,229,NA,NA,NA,NA,NA,NA,NA,NA,NA,NA,NA,NA,0,0,0,2_T4,NA,NA,NA,NA,NA
T4,Low,High,2,67_4,67,2903,1,229,NA,NA,NA,NA,NA,NA,NA,NA,NA,NA,NA,NA,0,0,0,2_T4,NA,NA,NA,NA,NA
T4,Low,High,2,257_2,257,2754.1728,1,231,NA,NA,NA,NA,NA,NA,NA,NA,NA,NA,NA,NA,0,0,0,2_T4,NA,NA,NA,NA,NA
T4,Low,High,2,91_2,91,2910,2,258,NA,NA,NA,NA,NA,NA,NA,NA,NA,NA,NA,NA,0,0,0,2_T4,NA,NA,NA,NA,NA
T4,Low,High,2,214_7,214,2693.59,2,258,NA,NA,NA,NA,NA,NA,NA,NA,NA,NA,NA,NA,0,0,0,2_T4,NA,NA,NA,NA,NA
T4,Low,High,2,262_3,262,2717.292,1,241,NA,NA,NA,NA,NA,NA,NA,NA,NA,NA,NA,NA,0,0,0,2_T4,NA,NA,NA,NA,NA
T4,Low,High,2,253_9,253,3460,1,231,244,294,50,NA,NA,NA,NA,NA,NA,NA,142.6888602,0.27511592,1,43,1016.79,2_T4,2.484980885,0.71305438,10,50,50
T4,Low,High,2,157_3,157,3004,2,258,NA,NA,NA,NA,NA,NA,NA,NA,NA,NA,NA,NA,0,0,0,2_T4,NA,NA,NA,NA,NA
T4,Low,High,2,48_2,48,2951,2,258,234,245,91,NA,NA,NA,NA,NA,NA,NA,118.313942,0.423173804,1,4,214.5,2_T4,1.652307692,0.622969838,27,11,91
T4,Low,High,2,48_2,48,2951,1,229,NA,NA,NA,NA,NA,NA,NA,NA,NA,NA,NA,NA,0,0,0,2_T4,NA,NA,NA,NA,NA
T4,Low,High,2,188_2,188,3126,1,229,NA,NA,NA,NA,NA,NA,NA,NA,NA,NA,NA,NA,0,0,0,2_T4,NA,NA,NA,NA,NA
T4,Low,High,2,213_1,213,2789.81,2,258,NA,NA,NA,NA,NA,NA,NA,NA,NA,NA,NA,NA,0,0,0,2_T4,NA,NA,NA,NA,NA
T4,Low,High,2,162_2,162,3055,1,232,NA,NA,NA,NA,NA,NA,NA,NA,NA,NA,NA,NA,0,0,0,2_T4,NA,NA,NA,NA,NA
T4,Low,High,2,162_2,162,3055,2,258,236,265,159,NA,NA,NA,NA,NA,NA,NA,132.3140065,0.38576779,1,9,458.6,2_T4,0.404924332,0.288217894,29,29,159
T4,Low,High,2,158_2,158,3004,1,232,276,309,86,NA,NA,NA,NA,NA,NA,NA,133.0410093,0.340277778,1,6,240.23,2_T4,2.041434263,0.671207755,43,33,86
T4,Low,High,2,81_1,81,3095,2,259,NA,NA,NA,NA,NA,NA,NA,NA,NA,NA,77.43923942,0.413924051,0,0,0,2_T4,2.723004695,0.731399748,NA,NA,NA
T4,Low,High,2,151_3,151,2975,1,241,NA,NA,NA,NA,NA,NA,NA,NA,NA,NA,NA,NA,0,0,0,2_T4,NA,NA,NA,NA,NA
T4,Low,High,2,253_9,253,3460,1,231,259,291,96,20,NA,NA,NA,NA,NA,NA,104.0423271,0.339837398,1,27,687.8,2_T4,2.170627376,0.684605007,25,32,116
T4,Low,High,2,250_28,250,3133,1,229,NA,NA,NA,NA,NA,NA,NA,NA,NA,NA,NA,NA,0,0,0,2_T4,NA,NA,NA,NA,NA
T4,Low,High,2,211_13A,211,3121.58,1,231,251,320,72,NA,NA,NA,NA,NA,NA,NA,150.2565065,0.322966507,1,18,795.91,2_T4,2.62602118,0.724215621,17,69,72
T4,Low,High,2,262_3,262,2717.292,2,259,NA,NA,NA,NA,NA,NA,NA,NA,NA,NA,NA,NA,0,0,0,2_T4,NA,NA,NA,NA,NA
T4,Low,High,2,107_4,107,3091,1,232,NA,NA,NA,NA,NA,NA,NA,NA,NA,NA,86.21305294,0.393238434,0,0,0,2_T4,2.022308979,0.669127145,NA,NA,NA
T4,Low,High,2,267_12,267,2498.61,1,237,NA,NA,NA,NA,NA,NA,NA,NA,NA,NA,NA,NA,0,0,0,2_T4,NA,NA,NA,NA,NA
T4,Low,High,2,213_1,213,2789.81,2,258,NA,NA,NA,NA,NA,NA,NA,NA,NA,NA,NA,NA,0,0,0,2_T4,NA,NA,NA,NA,NA
T4,Low,High,2,162_2,162,3055,2,258,NA,NA,NA,NA,NA,NA,NA,NA,NA,NA,NA,NA,0,0,0,2_T4,NA,NA,NA,NA,NA
T4,Low,High,2,162_2,162,3055,1,241,NA,NA,NA,NA,NA,NA,NA,NA,NA,NA,NA,NA,0,0,0,2_T4,NA,NA,NA,NA,NA
T4,Low,High,2,68_1,68,2904,2,258,NA,NA,NA,NA,NA,NA,NA,NA,NA,NA,NA,NA,0,0,0,2_T4,NA,NA,NA,NA,NA
T4,Low,High,2,201_2,201,3352,1,229,NA,NA,NA,NA,NA,NA,NA,NA,NA,NA,NA,NA,0,0,0,2_T4,NA,NA,NA,NA,NA
T4,Low,High,2,48_2,48,2951,1,229,NA,NA,NA,NA,NA,NA,NA,NA,NA,NA,NA,NA,0,0,0,2_T4,NA,NA,NA,NA,NA
T4,Low,High,2,270_10,270,2553,1,229,NA,NA,NA,NA,NA,NA,NA,NA,NA,NA,NA,NA,0,0,0,2_T4,NA,NA,NA,NA,NA
T4,Low,High,2,213_1,213,2789.81,1,241,NA,NA,NA,NA,NA,NA,NA,NA,NA,NA,NA,NA,0,0,0,2_T4,NA,NA,NA,NA,NA
T4,Low,High,2,51_1,51,2929,1,229,NA,NA,NA,NA,NA,NA,NA,NA,NA,NA,NA,NA,0,0,0,2_T4,NA,NA,NA,NA,NA
T4,Low,High,2,269_15,269,2800,1,231,NA,NA,NA,NA,NA,NA,NA,NA,NA,NA,NA,NA,0,0,0,2_T4,NA,NA,NA,NA,NA
T4,Low,High,2,273_18C,273,2710,2,258,NA,NA,NA,NA,NA,NA,NA,NA,NA,NA,NA,NA,0,0,0,2_T4,NA,NA,NA,NA,NA
T4,Low,High,2,48_2,48,2951,2,258,NA,NA,NA,NA,NA,NA,NA,NA,NA,NA,NA,NA,0,0,0,2_T4,NA,NA,NA,NA,NA
T4,Low,High,2,185_2,185,3411,2,259,NA,NA,NA,NA,NA,NA,NA,NA,NA,NA,NA,NA,0,0,0,2_T4,NA,NA,NA,NA,NA
T4,Low,High,2,67_4,67,2903,1,229,NA,NA,NA,NA,NA,NA,NA,NA,NA,NA,NA,NA,0,0,0,2_T4,NA,NA,NA,NA,NA
T4,Low,High,2,214_7,214,2693.59,2,258,NA,NA,NA,NA,NA,NA,NA,NA,NA,NA,NA,NA,0,0,0,2_T4,NA,NA,NA,NA,NA
T4,Low,High,2,255_28,255,3341.67,1,231,258,333,121,64,NA,NA,NA,NA,NA,NA,149.0615714,0.360515021,1,7,338.4,2_T4,2.086911803,0.676051645,24,75,185
T4,Low,High,2,154_5,154,2992,2,259,NA,NA,NA,NA,NA,NA,NA,NA,NA,NA,NA,NA,0,0,0,2_T4,NA,NA,NA,NA,NA
T4,Low,High,2,107_4,107,3091,1,232,NA,NA,NA,NA,NA,NA,NA,NA,NA,NA,NA,NA,0,0,0,2_T4,NA,NA,NA,NA,NA
T4,Low,High,2,210_3,210,3161.3,2,258,232,245,51,NA,NA,NA,NA,NA,NA,NA,129.6433947,0.342261905,1,3,112.5,2_T4,1.825741142,0.646110542,25,13,51
T4,Low,High,2,253_9,253,3460,1,231,261,320,41,NA,NA,NA,NA,NA,NA,NA,133.5514654,0.338870432,1,19,350.2,2_T4,4.339013999,0.812699498,27,59,41
T4,Low,High,2,1_3,1,2989,1,232,NA,NA,NA,NA,NA,NA,NA,NA,NA,NA,NA,NA,0,0,0,2_T4,NA,NA,NA,NA,NA
T4,Low,High,2,263_1,263,2795.3208,2,271,NA,NA,NA,NA,NA,NA,NA,NA,NA,NA,NA,NA,0,0,0,2_T4,NA,NA,NA,NA,NA
T4,Low,High,2,201_2,201,3352,1,229,NA,NA,NA,NA,NA,NA,NA,NA,NA,NA,NA,NA,0,0,0,2_T4,NA,NA,NA,NA,NA
T4,Low,High,2,199_1,199,3502,2,258,NA,NA,NA,NA,NA,NA,NA,NA,NA,NA,NA,NA,0,0,0,2_T4,NA,NA,NA,NA,NA
T4,Low,High,2,194_2,194,3108,1,229,261,302,162,NA,NA,NA,NA,NA,NA,NA,181.0388371,0.307065217,1,6,251.4,2_T4,2.327927928,0.699512723,25,41,162
T4,Low,High,2,157_3,157,3004,2,258,238,264,199,NA,NA,NA,NA,NA,NA,NA,164.8803959,0.349462366,1,7,341.5,2_T4,7.945588235,0.888213053,31,26,199
T4,Low,High,2,303_8,303,3570,1,231,NA,NA,NA,NA,NA,NA,NA,NA,NA,NA,NA,NA,0,0,0,2_T4,NA,NA,NA,NA,NA
T4,Low,High,2,51_1,51,2929,1,229,NA,NA,NA,NA,NA,NA,NA,NA,NA,NA,NA,NA,0,0,0,2_T4,NA,NA,NA,NA,NA
T4,Low,High,2,211_13A,211,3121.58,1,231,NA,NA,NA,NA,NA,NA,NA,NA,NA,NA,NA,NA,0,0,0,2_T4,NA,NA,NA,NA,NA
T4,Low,High,2,158_2,158,3004,1,232,NA,NA,NA,NA,NA,NA,NA,NA,NA,NA,NA,NA,0,0,0,2_T4,NA,NA,NA,NA,NA
T4,Low,High,2,66_4,66,2940,1,232,264,278,153,NA,NA,NA,NA,NA,NA,NA,125.1415872,0.438914027,1,10,461.4,2_T4,1.461115807,0.593680234,31,14,153
T4,Low,High,2,303_8,303,3570,1,231,244,308,22,NA,NA,NA,NA,NA,NA,NA,109.7265147,0.443324937,1,27,386.5,2_T4,0.794008647,0.442589086,10,64,22
T4,Low,High,2,48_2,48,2951,2,258,236,245,153,NA,NA,NA,NA,NA,NA,NA,93.8999004,0.926605505,1,8,299.7,2_T4,1.051437829,0.512537019,29,9,153
T4,Low,High,2,199_1,199,3502,2,258,NA,NA,NA,NA,NA,NA,NA,NA,NA,NA,NA,NA,0,0,0,2_T4,NA,NA,NA,NA,NA
T4,Low,High,2,250_28,250,3133,1,232,NA,NA,NA,NA,NA,NA,NA,NA,NA,NA,NA,NA,0,0,0,2_T4,NA,NA,NA,NA,NA
T4,Low,High,2,199_1,199,3502,2,258,241,252,155,NA,NA,NA,NA,NA,NA,NA,93.50329963,0.373280943,1,6,282.3,2_T4,2.026251823,0.669558233,34,11,155
T4,Low,High,2,269_15,269,2800,1,231,244,327,114.9,NA,NA,NA,NA,NA,NA,NA,75.70920549,0.430913349,1,14,590.6,2_T4,1.40104712,0.583515046,10,83,114.9
T4,Low,High,2,157_3,157,3004,2,258,238,245,287,NA,NA,NA,NA,NA,NA,NA,100.5122338,0.326848249,1,6,403.6,2_T4,1.410835214,0.585205993,31,7,287
T4,Low,High,2,51_1,51,2929,1,229,NA,NA,NA,NA,NA,NA,NA,NA,NA,NA,NA,NA,0,0,0,2_T4,NA,NA,NA,NA,NA
T4,Low,High,2,91_2,91,2910,2,258,238,249,263,NA,NA,NA,NA,NA,NA,NA,123.5987343,0.367886179,1,8,466.9,2_T4,2.484296482,0.712998017,31,11,263
T4,Low,High,2,66_4,66,2940,1,232,NA,NA,NA,NA,NA,NA,NA,NA,NA,NA,NA,NA,0,0,0,2_T4,NA,NA,NA,NA,NA
T4,Low,High,2,273_18C,273,2710,2,258,NA,NA,NA,NA,NA,NA,NA,NA,NA,NA,NA,NA,0,0,0,2_T4,NA,NA,NA,NA,NA
T4,Low,High,2,212_7,212,3131,1,229,NA,NA,NA,NA,NA,NA,NA,NA,NA,NA,NA,NA,0,0,0,2_T4,NA,NA,NA,NA,NA
T4,Low,High,2,49_2,49,2935,2,258,NA,NA,NA,NA,NA,NA,NA,NA,NA,NA,NA,NA,0,0,0,2_T4,NA,NA,NA,NA,NA
T4,Low,High,2,67_4,67,2903,1,229,NA,NA,NA,NA,NA,NA,NA,NA,NA,NA,NA,NA,0,0,0,2_T4,NA,NA,NA,NA,NA
T4,Low,High,2,189_1,189,3273,2,258,234,245,126,NA,NA,NA,NA,NA,NA,NA,150.8246744,0.36637931,1,4,170.9,2_T4,1.554200542,0.608488064,27,11,126
T4,Low,High,2,253_9,253,3460,1,237,NA,NA,NA,NA,NA,NA,NA,NA,NA,NA,NA,NA,0,0,0,2_T4,NA,NA,NA,NA,NA
T4,Low,High,2,255_28,255,3341.67,1,231,253,337,61,NA,NA,NA,NA,NA,NA,NA,151.8820241,0.426666667,1,8,338.7,2_T4,4.862689394,0.829429817,19,84,61
T4,Low,High,2,199_1,199,3502,2,258,241,249,246,NA,NA,NA,NA,NA,NA,NA,89.55173366,0.355371901,1,7,317.68,2_T4,4.541401274,0.81954023,34,8,246
T4,Low,High,2,98_7,98,3011,2,259,NA,NA,NA,NA,NA,NA,NA,NA,NA,NA,NA,NA,0,0,0,2_T4,NA,NA,NA,NA,NA
T4,Low,High,2,257_2,257,2754.1728,1,231,NA,NA,NA,NA,NA,NA,NA,NA,NA,NA,NA,NA,0,0,0,2_T4,NA,NA,NA,NA,NA
T4,Low,High,2,270_10,270,2553,1,229,NA,NA,NA,NA,NA,NA,NA,NA,NA,NA,NA,NA,0,0,0,2_T4,NA,NA,NA,NA,NA
T4,Low,High,2,66_4,66,2940,1,232,NA,NA,NA,NA,NA,NA,NA,NA,NA,NA,NA,NA,0,0,0,2_T4,NA,NA,NA,NA,NA
T4,Low,High,2,257_2,257,2754.1728,1,231,NA,NA,NA,NA,NA,NA,NA,NA,NA,NA,NA,NA,0,0,0,2_T4,NA,NA,NA,NA,NA
T4,Low,High,2,269_15,269,2800,1,231,254,259,118,NA,NA,NA,NA,NA,NA,NA,76.16737463,0.372357724,1,6,243.7,2_T4,3.185856224,0.761100251,20,5,118
T4,Low,High,3,56_3,56,3132,2,258,231,245,122,NA,NA,NA,NA,NA,NA,NA,114.5888054,0.349442379,1,4,239.5,3_T4,5.095272206,0.835938418,24,14,122
T4,Low,High,3,259_19C,259,2759.964,2,258,NA,NA,NA,NA,NA,NA,NA,NA,NA,NA,NA,NA,0,0,0,3_T4,NA,NA,NA,NA,NA
T4,Low,High,3,48_2,48,2951,1,229,NA,NA,NA,NA,NA,NA,NA,NA,NA,NA,NA,NA,0,0,0,3_T4,NA,NA,NA,NA,NA
T4,Low,High,3,48_2,48,2951,2,258,238,252,66,NA,NA,NA,NA,NA,NA,NA,115.366169,0.379591837,1,3,129.3,3_T4,2.58969697,0.721424954,31,14,66
T4,Low,High,3,207_14B,207,3218.6,2,258,NA,NA,NA,NA,NA,NA,NA,NA,NA,NA,NA,NA,0,0,0,3_T4,NA,NA,NA,NA,NA
T4,Low,High,3,162_2,162,3055,2,258,NA,NA,NA,NA,NA,NA,NA,NA,NA,NA,NA,NA,0,0,0,3_T4,NA,NA,NA,NA,NA
T4,Low,High,3,50_1,50,2934,2,258,NA,NA,NA,NA,NA,NA,NA,NA,NA,NA,83.43926434,0.407345576,0,0,0,3_T4,1.864930838,0.650951434,NA,NA,NA
T4,Low,High,3,49_2,49,2935,2,258,NA,NA,NA,NA,NA,NA,NA,NA,NA,NA,NA,NA,0,0,0,3_T4,NA,NA,NA,NA,NA
T4,Low,High,3,83_1,83,2994,1,229,267,NA,51,NA,NA,NA,NA,NA,NA,NA,234.9372742,0.327586207,1,2,61.33,3_T4,5.702793296,0.850808468,31,NA,51
T4,Low,High,3,49_2,49,2935,1,241,NA,NA,NA,NA,NA,NA,NA,NA,NA,NA,NA,NA,0,0,0,3_T4,NA,NA,NA,NA,NA
T4,Low,High,3,158_2,158,3004,1,232,NA,NA,NA,NA,NA,NA,NA,NA,NA,NA,NA,NA,0,0,0,3_T4,NA,NA,NA,NA,NA
T4,Low,High,3,210_3,210,3161.3,2,258,NA,NA,NA,NA,NA,NA,NA,NA,NA,NA,NA,NA,0,0,0,3_T4,NA,NA,NA,NA,NA
T4,Low,High,3,185_2,185,3411,2,259,NA,NA,NA,NA,NA,NA,NA,NA,NA,NA,NA,NA,0,0,0,3_T4,NA,NA,NA,NA,NA
T4,Low,High,3,210_3,210,3161.3,2,258,NA,NA,NA,NA,NA,NA,NA,NA,NA,NA,NA,NA,0,0,0,3_T4,NA,NA,NA,NA,NA
T4,Low,High,3,194_2,194,3108,1,237,279,321,61,NA,NA,NA,NA,NA,NA,NA,95.53559567,0.453974895,1,13,387.5,3_T4,1.308434959,0.566806075,51,42,61
T4,Low,High,3,51_1,51,2929,1,229,NA,NA,NA,NA,NA,NA,NA,NA,NA,NA,NA,NA,0,0,0,3_T4,NA,NA,NA,NA,NA
T4,Low,High,3,49_2,49,2935,2,258,NA,NA,NA,NA,NA,NA,NA,NA,NA,NA,127.1042524,0.343085106,0,0,0,3_T4,2.270737327,0.694258542,NA,NA,NA
T4,Low,High,3,157_3,157,3004,2,258,NA,NA,NA,NA,NA,NA,NA,NA,NA,NA,NA,NA,0,0,0,3_T4,NA,NA,NA,NA,NA
T4,Low,High,3,49_2,49,2935,1,241,NA,NA,NA,NA,NA,NA,NA,NA,NA,NA,NA,NA,0,0,0,3_T4,NA,NA,NA,NA,NA
T4,Low,High,3,199_1,199,3502,2,258,NA,NA,NA,NA,NA,NA,NA,NA,NA,NA,NA,NA,0,0,0,3_T4,NA,NA,NA,NA,NA
T4,Low,High,3,158_2,158,3004,1,237,NA,NA,NA,NA,NA,NA,NA,NA,NA,NA,NA,NA,0,0,0,3_T4,NA,NA,NA,NA,NA
T4,Low,High,3,67_4,67,2903,1,229,NA,NA,NA,NA,NA,NA,NA,NA,NA,NA,NA,NA,0,0,0,3_T4,NA,NA,NA,NA,NA
T4,Low,High,3,91_2,91,2910,2,258,245,269,542,NA,NA,NA,NA,NA,NA,NA,139.1342955,0.316363636,1,19,956.53,3_T4,2.575157895,0.720292074,38,24,542
T4,Low,High,3,201_2,201,3352,1,229,NA,NA,NA,NA,NA,NA,NA,NA,NA,NA,NA,NA,0,0,0,3_T4,NA,NA,NA,NA,NA
T4,Low,High,3,151_3,151,2975,1,241,NA,NA,NA,NA,NA,NA,NA,NA,NA,NA,NA,NA,0,0,0,3_T4,NA,NA,NA,NA,NA
T4,Low,High,3,1_3,1,2989,1,241,249,262,190,NA,NA,NA,NA,NA,NA,NA,128.5805907,0.494623656,1,9,458.7,3_T4,1.587766805,0.613566416,25,13,190
T4,Low,High,3,86_2,86,2880,1,241,NA,NA,NA,NA,NA,NA,NA,NA,NA,NA,NA,NA,0,0,0,3_T4,NA,NA,NA,NA,NA
T4,Low,High,3,255_28,255,3341.67,1,231,254,263,86,NA,NA,NA,NA,NA,NA,NA,97.78449009,0.462184874,1,6,296.3,3_T4,2.246278179,0.691954927,20,9,86
T4,Low,High,3,83_1,83,2994,1,232,NA,NA,NA,NA,NA,NA,NA,NA,NA,NA,NA,NA,0,0,0,3_T4,NA,NA,NA,NA,NA
T4,Low,High,3,257_2,257,2754.1728,1,231,NA,NA,NA,NA,NA,NA,NA,NA,NA,NA,NA,NA,0,0,0,3_T4,NA,NA,NA,NA,NA
T4,Low,High,3,303_8,303,3570,1,231,NA,NA,NA,NA,NA,NA,NA,NA,NA,NA,NA,NA,0,0,0,3_T4,NA,NA,NA,NA,NA
T4,Low,High,3,98_7,98,3011,2,259,NA,NA,NA,NA,NA,NA,NA,NA,NA,NA,NA,NA,0,0,0,3_T4,NA,NA,NA,NA,NA
T4,Low,High,3,81_1,81,3095,2,271,NA,232,NA,NA,NA,NA,NA,NA,NA,NA,94.58800275,0.423280423,1,3,108.25,3_T4,2.261771748,0.693418155,NA,NA,NA
T4,Low,High,3,157_3,157,3004,2,258,NA,NA,NA,NA,NA,NA,NA,NA,NA,NA,NA,NA,0,0,0,3_T4,NA,NA,NA,NA,NA
T4,Low,High,3,250_28,250,3133,1,232,257,264,92,NA,NA,NA,NA,NA,NA,NA,222.0923309,0.314285714,1,5,298.65,3_T4,1.981173063,0.664561574,24,7,92
T4,Low,High,3,67_4,67,2903,1,229,278,298,77,NA,NA,NA,NA,NA,NA,NA,115.8732476,0.385321101,1,9,193.14,3_T4,2.440954774,0.709382986,42,20,77
T4,Low,High,3,56_3,56,3132,2,258,236,264,96,NA,NA,NA,NA,NA,NA,NA,185.9257149,0.286713287,1,1,38.5,3_T4,3.747514911,0.789363484,29,28,96
T4,Low,High,3,83_1,83,2994,2,259,NA,NA,NA,NA,NA,NA,NA,NA,NA,NA,NA,NA,0,0,0,3_T4,NA,NA,NA,NA,NA
T4,Low,High,3,157_3,157,3004,2,258,NA,NA,NA,NA,NA,NA,NA,NA,NA,NA,126.3929102,0.355481728,0,0,0,3_T4,2.160688666,0.683613255,NA,NA,NA
T4,Low,High,3,253_9,253,3460,1,237,266,NA,31,104,51,63,NA,NA,NA,NA,120.2212679,0.318584071,1,25,598.93,3_T4,3.480305703,0.776800945,38,NA,249
T4,Low,High,3,189_1,189,3273,2,258,NA,NA,NA,NA,NA,NA,NA,NA,NA,NA,94.26833553,0.43772242,0,0,0,3_T4,2.733333333,0.732142857,NA,NA,NA
T4,Low,High,3,106_6,106,2925,1,229,NA,NA,NA,NA,NA,NA,NA,NA,NA,NA,NA,NA,0,0,0,3_T4,NA,NA,NA,NA,NA
T4,Low,High,3,162_2,162,3055,2,258,NA,NA,NA,NA,NA,NA,NA,NA,NA,NA,NA,NA,0,0,0,3_T4,NA,NA,NA,NA,NA
T4,Low,High,3,154_5,154,2992,2,259,NA,NA,NA,NA,NA,NA,NA,NA,NA,NA,NA,NA,0,0,0,3_T4,NA,NA,NA,NA,NA
T4,Low,High,3,210_3,210,3161.3,2,258,232,240,52,NA,NA,NA,NA,NA,NA,NA,90.73326359,0.433333333,1,3,137.4,3_T4,1.641621354,0.621444611,25,8,52
T4,Low,High,3,250_16,250,3133,2,258,NA,NA,NA,NA,NA,NA,NA,NA,NA,NA,NA,NA,0,0,0,3_T4,NA,NA,NA,NA,NA
T4,Low,High,3,157_3,157,3004,2,258,241,252,92,NA,NA,NA,NA,NA,NA,NA,163.9442379,0.385135135,1,4,166.75,3_T4,4.546912114,0.819719516,34,11,92
T4,Low,High,3,201_2,201,3352,1,229,NA,NA,NA,NA,NA,NA,NA,NA,NA,NA,NA,NA,0,0,0,3_T4,NA,NA,NA,NA,NA
T4,Low,High,3,157_3,157,3004,2,258,NA,NA,NA,NA,NA,NA,NA,NA,NA,NA,NA,NA,0,0,0,3_T4,NA,NA,NA,NA,NA
T4,Low,High,3,185_2,185,3411,2,259,NA,NA,NA,NA,NA,NA,NA,NA,NA,NA,NA,NA,0,0,0,3_T4,NA,NA,NA,NA,NA
T4,Low,High,3,269_15,269,2800,1,231,259,343,46,NA,NA,NA,NA,NA,NA,NA,55.99150984,0.481695568,1,10,362.45,3_T4,2.670008354,0.727521056,25,84,46
T4,Low,High,3,154_5,154,2992,2,268,NA,NA,NA,NA,NA,NA,NA,NA,NA,NA,NA,NA,0,0,0,3_T4,NA,NA,NA,NA,NA
T4,Low,High,3,304_19A,304,3673,1,237,242,321,49,NA,NA,NA,NA,NA,NA,NA,144.6965986,0.404371585,1,20,764.5,3_T4,2.411042945,0.706411025,14,79,49
T4,Low,High,3,267_12,267,2498.61,1,237,NA,NA,NA,NA,NA,NA,NA,NA,NA,NA,NA,NA,0,0,0,3_T4,NA,NA,NA,NA,NA
T4,Low,High,3,151_3,151,2975,1,241,NA,NA,NA,NA,NA,NA,NA,NA,NA,NA,NA,NA,0,0,0,3_T4,NA,NA,NA,NA,NA
T4,Low,High,3,151_3,151,2975,1,241,NA,NA,NA,NA,NA,NA,NA,NA,NA,NA,NA,NA,0,0,0,3_T4,NA,NA,NA,NA,NA
T4,Low,High,3,201_2,201,3352,1,229,NA,NA,NA,NA,NA,NA,NA,NA,NA,NA,NA,NA,0,0,0,3_T4,NA,NA,NA,NA,NA
T4,Low,High,3,50_1,50,2934,2,258,236,252,50,NA,NA,NA,NA,NA,NA,NA,88.15092683,0.384030418,1,8,363.04,3_T4,1.453300125,0.592385787,29,16,50
T4,Low,High,3,86_2,86,2880,2,258,NA,NA,NA,NA,NA,NA,NA,NA,NA,NA,NA,NA,0,0,0,3_T4,NA,NA,NA,NA,NA
T4,Low,High,3,207_14B,207,3218.6,2,258,NA,NA,NA,NA,NA,NA,NA,NA,NA,NA,NA,NA,0,0,0,3_T4,NA,NA,NA,NA,NA
T4,Low,High,3,46_3A,46,3009,2,258,234,245,191,NA,NA,NA,NA,NA,NA,NA,142.6903439,0.393103448,1,7,388.27,3_T4,2.638190955,0.725138122,27,11,191
T4,Low,High,3,102_5,102,3072,1,229,NA,NA,NA,NA,NA,NA,NA,NA,NA,NA,NA,NA,0,0,0,3_T4,NA,NA,NA,NA,NA
T4,Low,High,3,194_2,194,3108,1,229,NA,NA,NA,NA,NA,NA,NA,NA,NA,NA,NA,NA,0,0,0,3_T4,NA,NA,NA,NA,NA
T4,Low,High,3,267_12,267,2498.61,1,237,NA,NA,NA,NA,NA,NA,NA,NA,NA,NA,NA,NA,0,0,0,3_T4,NA,NA,NA,NA,NA
T4,Low,High,3,188_2,188,3126,1,229,NA,NA,NA,NA,NA,NA,NA,NA,NA,NA,NA,NA,0,0,0,3_T4,NA,NA,NA,NA,NA
T4,Low,High,3,201_2,201,3352,1,229,NA,NA,NA,NA,NA,NA,NA,NA,NA,NA,NA,NA,0,0,0,3_T4,NA,NA,NA,NA,NA
T4,Low,High,3,48_2,48,2951,2,258,NA,NA,NA,NA,NA,NA,NA,NA,NA,NA,NA,NA,0,0,0,3_T4,NA,NA,NA,NA,NA
T4,Low,High,3,273_18C,273,2710,2,258,229,310,29,NA,NA,NA,NA,NA,NA,NA,120.0393409,0.423076923,1,2,29.8,3_T4,1.335451977,0.571817357,22,81,29
T4,Low,High,3,102_5,102,3072,1,229,NA,NA,NA,NA,NA,NA,NA,NA,NA,NA,NA,NA,0,0,0,3_T4,NA,NA,NA,NA,NA
T4,Low,High,3,56_3,56,3132,2,258,NA,NA,NA,NA,NA,NA,NA,NA,NA,NA,NA,NA,0,0,0,3_T4,NA,NA,NA,NA,NA
T4,Low,High,4,157_3,157,3004,2,258,224,245,31,NA,NA,NA,NA,NA,NA,NA,113.7724356,0.399425287,1,3,177.1,4_T4,2.707969432,0.730310614,17,21,31
T4,Low,High,4,303_8,303,3570,1,231,251,279,31,NA,NA,NA,NA,NA,NA,NA,85.91259196,0.450980392,1,8,245.2,4_T4,1.020041645,0.504960701,17,28,31
T4,Low,High,4,250_16,250,3133,2,258,NA,NA,NA,NA,NA,NA,NA,NA,NA,NA,NA,NA,0,0,0,4_T4,NA,NA,NA,NA,NA
T4,Low,High,4,188_2,188,3126,1,229,NA,NA,NA,NA,NA,NA,NA,NA,NA,NA,NA,NA,0,0,0,4_T4,NA,NA,NA,NA,NA
T4,Low,High,4,51_1,51,2929,1,241,NA,NA,NA,NA,NA,NA,NA,NA,NA,NA,NA,NA,0,0,0,4_T4,NA,NA,NA,NA,NA
T4,Low,High,4,262_3,262,2717.292,2,259,NA,NA,NA,NA,NA,NA,NA,NA,NA,NA,NA,NA,0,0,0,4_T4,NA,NA,NA,NA,NA
T4,Low,High,4,102_5,102,3072,1,229,265,274,141,NA,NA,NA,NA,NA,NA,NA,155.3212622,0.392857143,1,3,117,4_T4,2.606007067,0.722684958,29,9,141
T4,Low,High,4,50_1,50,2934,2,259,257,263,306,NA,NA,NA,NA,NA,NA,NA,135.8855764,0.350877193,1,13,483.22,4_T4,2.525090909,0.716319373,51,6,306
T4,Low,High,4,255_28,255,3341.67,1,231,NA,NA,NA,NA,NA,NA,NA,NA,NA,NA,NA,NA,0,0,0,4_T4,NA,NA,NA,NA,NA
T4,Low,High,4,211_13A,211,3121.58,1,231,257,288,85,NA,NA,NA,NA,NA,NA,NA,113.8244013,0.427299703,1,12,548.2,4_T4,1.419672819,0.586720985,23,31,85
T4,Low,High,4,270_10,270,2553,1,229,NA,NA,NA,NA,NA,NA,NA,NA,NA,NA,NA,NA,0,0,0,4_T4,NA,NA,NA,NA,NA
T4,Low,High,4,91_2,91,2910,2,258,238,273,165,NA,NA,NA,NA,NA,NA,NA,98.18051058,0.319018405,1,16,649.04,4_T4,3.195004029,0.761621206,31,35,165
T4,Low,High,4,257_2,257,2754.1728,1,231,NA,NA,NA,NA,NA,NA,NA,NA,NA,NA,NA,NA,0,0,0,4_T4,NA,NA,NA,NA,NA
T4,Low,High,4,250_16,250,3133,2,258,NA,NA,NA,NA,NA,NA,NA,NA,NA,NA,NA,NA,0,0,0,4_T4,NA,NA,NA,NA,NA
T4,Low,High,4,49_2,49,2935,1,241,NA,NA,NA,NA,NA,NA,NA,NA,NA,NA,NA,NA,0,0,0,4_T4,NA,NA,NA,NA,NA
T4,Low,High,4,49_2,49,2935,2,258,247,269,30,NA,NA,NA,NA,NA,NA,NA,107.4118891,0.366013072,1,6,199.2,4_T4,2.443383356,0.709587956,40,22,30
T4,Low,High,4,46_3A,46,3009,2,258,NA,NA,NA,NA,NA,NA,NA,NA,NA,NA,NA,NA,0,0,0,4_T4,NA,NA,NA,NA,NA
T4,Low,High,4,49_2,49,2935,2,258,NA,NA,NA,NA,NA,NA,NA,NA,NA,NA,NA,NA,0,0,0,4_T4,NA,NA,NA,NA,NA
T4,Low,High,4,270_10,270,2553,1,229,NA,NA,NA,NA,NA,NA,NA,NA,NA,NA,NA,NA,0,0,0,4_T4,NA,NA,NA,NA,NA
T4,Low,High,4,49_2,49,2935,1,241,NA,NA,NA,NA,NA,NA,NA,NA,NA,NA,NA,NA,0,0,0,4_T4,NA,NA,NA,NA,NA
T4,Low,High,4,255_28,255,3341.67,1,231,NA,NA,NA,NA,NA,NA,NA,NA,NA,NA,NA,NA,0,0,0,4_T4,NA,NA,NA,NA,NA
T4,Low,High,4,213_1,213,2789.81,1,241,NA,NA,NA,NA,NA,NA,NA,NA,NA,NA,NA,NA,0,0,0,4_T4,NA,NA,NA,NA,NA
T4,Low,High,4,262_3,262,2717.292,2,268,NA,NA,NA,NA,NA,NA,NA,NA,NA,NA,NA,NA,0,0,0,4_T4,NA,NA,NA,NA,NA
T4,Low,High,4,207_14B,207,3218.6,2,258,240,NA,34,NA,NA,NA,NA,NA,NA,NA,88.96479,0.481355932,1,0,0,4_T4,NA,NA,33,NA,34
T4,Low,High,4,214_7,214,2693.59,2,258,NA,NA,NA,NA,NA,NA,NA,NA,NA,NA,NA,NA,0,0,0,4_T4,NA,NA,NA,NA,NA
T4,Low,High,4,269_15,269,2800,1,231,244,300,86,NA,NA,NA,NA,NA,NA,NA,85.10242612,0.461956522,1,18,367.5,4_T4,2.918410042,0.744794447,10,56,86
T4,Low,High,4,213_1,213,2789.81,2,258,NA,NA,NA,NA,NA,NA,NA,NA,NA,NA,NA,NA,0,0,0,4_T4,NA,NA,NA,NA,NA
T4,Low,High,4,270_10,270,2553,1,229,NA,NA,NA,NA,NA,NA,NA,NA,NA,NA,NA,NA,0,0,0,4_T4,NA,NA,NA,NA,NA
T4,Low,High,4,273_18C,273,2710,2,258,261,264,281,NA,NA,NA,NA,NA,NA,NA,122.2101072,0.376623377,1,8,296.6,4_T4,3.541423571,0.779804728,54,3,281
T4,Low,High,4,194_2,194,3108,1,229,NA,NA,NA,NA,NA,NA,NA,NA,NA,NA,NA,NA,0,0,0,4_T4,NA,NA,NA,NA,NA
T4,Low,High,4,185_2,185,3411,2,259,NA,NA,NA,NA,NA,NA,NA,NA,NA,NA,NA,NA,0,0,0,4_T4,NA,NA,NA,NA,NA
T4,Low,High,4,83_1,83,2994,2,259,NA,NA,NA,NA,NA,NA,NA,NA,NA,NA,NA,NA,0,0,0,4_T4,NA,NA,NA,NA,NA
T4,Low,High,4,106_6,106,2925,1,229,NA,NA,NA,NA,NA,NA,NA,NA,NA,NA,NA,NA,0,0,0,4_T4,NA,NA,NA,NA,NA
T4,Low,High,4,98_7,98,3011,2,259,NA,NA,NA,NA,NA,NA,NA,NA,NA,NA,NA,NA,0,0,0,4_T4,NA,NA,NA,NA,NA
T4,Low,High,4,67_4,67,2903,1,229,NA,NA,NA,NA,NA,NA,NA,NA,NA,NA,NA,NA,0,0,0,4_T4,NA,NA,NA,NA,NA
T4,Low,High,4,250_28,250,3133,1,237,NA,NA,NA,NA,NA,NA,NA,NA,NA,NA,NA,NA,0,0,0,4_T4,NA,NA,NA,NA,NA
T4,Low,High,4,56_3,56,3132,2,258,NA,NA,NA,NA,NA,NA,NA,NA,NA,NA,NA,NA,0,0,0,4_T4,NA,NA,NA,NA,NA
T4,Low,High,4,86_2,86,2880,2,258,NA,NA,NA,NA,NA,NA,NA,NA,NA,NA,NA,NA,0,0,0,4_T4,NA,NA,NA,NA,NA
T4,Low,High,4,328_2,328,3660,1,229,NA,NA,NA,NA,NA,NA,NA,NA,NA,NA,NA,NA,0,0,0,4_T4,NA,NA,NA,NA,NA
T4,Low,High,4,201_2,201,3352,1,229,NA,NA,NA,NA,NA,NA,NA,NA,NA,NA,NA,NA,0,0,0,4_T4,NA,NA,NA,NA,NA
T4,Low,High,4,207_14B,207,3218.6,2,258,231,245,109,NA,NA,NA,NA,NA,NA,NA,86.20440319,0.346349745,1,6,337,4_T4,2.759868421,0.734033246,24,14,109
T4,Low,High,4,157_3,157,3004,2,258,238,245,190,NA,NA,NA,NA,NA,NA,NA,171.305215,0.341216216,1,5,337.1,4_T4,7.361313869,0.880401571,31,7,190
T4,Low,High,4,283_22,283,2890,2,259,NA,NA,NA,NA,NA,NA,NA,NA,NA,NA,NA,NA,0,0,0,4_T4,NA,NA,NA,NA,NA
T4,Low,High,4,151_3,151,2975,1,241,NA,NA,NA,NA,NA,NA,NA,NA,NA,NA,NA,NA,0,0,0,4_T4,NA,NA,NA,NA,NA
T4,Low,High,4,214_7,214,2693.59,2,258,NA,NA,NA,NA,NA,NA,NA,NA,NA,NA,NA,NA,0,0,0,4_T4,NA,NA,NA,NA,NA
T4,Low,High,4,304_19A,304,3673,1,237,246,266,31,NA,NA,NA,NA,NA,NA,NA,165.9163391,0.33125,1,6,240.3,4_T4,1.820761763,0.645485835,18,20,31
T4,Low,High,4,46_3A,46,3009,2,258,NA,NA,NA,NA,NA,NA,NA,NA,NA,NA,NA,NA,0,0,0,4_T4,NA,NA,NA,NA,NA
T4,Low,High,4,210_3,210,3161.3,2,258,232,245,95,NA,NA,NA,NA,NA,NA,NA,123.8529429,0.344594595,1,6,353.5,4_T4,1.707606679,0.630670138,25,13,95
T4,Low,High,4,273_18C,273,2710,2,258,NA,NA,NA,NA,NA,NA,NA,NA,NA,NA,NA,NA,0,0,0,4_T4,NA,NA,NA,NA,NA
T4,Low,High,4,83_1,83,2994,2,259,NA,NA,NA,NA,NA,NA,NA,NA,NA,NA,NA,NA,0,0,0,4_T4,NA,NA,NA,NA,NA
T4,Low,High,4,188_2,188,3126,1,229,288,332,74,NA,NA,NA,NA,NA,NA,NA,95.7121973,0.350383632,1,2,72,4_T4,2.259000537,0.693157461,52,44,74
T4,Low,High,4,253_9,253,3460,1,237,NA,NA,NA,NA,NA,NA,NA,NA,NA,NA,NA,NA,0,0,0,4_T4,NA,NA,NA,NA,NA
T4,Low,High,4,328_2,328,3660,1,229,246,NA,2,NA,NA,NA,NA,NA,NA,NA,79.91676209,0.327272727,1,2,22.7,4_T4,0.487847222,0.327887981,10,NA,2
T4,Low,High,4,106_6,106,2925,1,229,278,NA,158,NA,NA,NA,NA,NA,NA,NA,101.7357251,0.337777778,1,12,492.17,4_T4,2.351176917,0.701597372,42,NA,158
T4,Low,High,4,67_4,67,2903,1,229,NA,NA,NA,NA,NA,NA,NA,NA,NA,NA,NA,NA,0,0,0,4_T4,NA,NA,NA,NA,NA
T4,Low,High,4,303_8,303,3570,1,231,244,263,21.67,NA,NA,NA,NA,NA,NA,NA,104.0684933,0.357933579,1,4,77.6,4_T4,2.74262398,0.732807783,10,19,21.67
T4,Low,High,4,250_16,250,3133,2,258,NA,NA,NA,NA,NA,NA,NA,NA,NA,NA,NA,NA,0,0,0,4_T4,NA,NA,NA,NA,NA
T4,Low,High,4,102_5,102,3072,1,229,270,302,60,83,NA,NA,NA,NA,NA,NA,133.589617,0.312849162,1,15,483.3,4_T4,1.843429051,0.648311956,34,32,143
T4,Low,High,4,201_2,201,3352,1,229,NA,NA,NA,NA,NA,NA,NA,NA,NA,NA,NA,NA,0,0,0,4_T4,NA,NA,NA,NA,NA
T4,Low,High,4,46_3A,46,3009,2,267,NA,NA,NA,NA,NA,NA,NA,NA,NA,NA,NA,NA,0,0,0,4_T4,NA,NA,NA,NA,NA
T4,Low,High,4,253_9,253,3460,1,237,NA,NA,NA,NA,NA,NA,NA,NA,NA,NA,NA,NA,0,0,0,4_T4,NA,NA,NA,NA,NA
T4,Low,High,4,210_3,210,3161.3,2,258,236,245,116,NA,NA,NA,NA,NA,NA,NA,NA,0.227272727,1,6,301,4_T4,1.922826087,0.657865377,29,9,116
T4,Low,High,4,283_22,283,2890,2,259,NA,NA,NA,NA,NA,NA,NA,NA,NA,NA,NA,NA,0,0,0,4_T4,NA,NA,NA,NA,NA
T4,Low,High,5,255_28,255,3341.67,1,231,NA,NA,NA,NA,NA,NA,NA,NA,NA,NA,NA,NA,0,0,0,5_T4,NA,NA,NA,NA,NA
T4,Low,High,5,49_2,49,2935,2,258,NA,NA,NA,NA,NA,NA,NA,NA,NA,NA,NA,NA,0,0,0,5_T4,NA,NA,NA,NA,NA
T4,Low,High,5,49_2,49,2935,1,241,NA,NA,NA,NA,NA,NA,NA,NA,NA,NA,NA,NA,0,0,0,5_T4,NA,NA,NA,NA,NA
T4,Low,High,5,102_5,102,3072,1,229,NA,NA,NA,NA,NA,NA,NA,NA,NA,NA,NA,NA,0,0,0,5_T4,NA,NA,NA,NA,NA
T4,Low,High,5,106_6,106,2925,1,229,NA,NA,NA,NA,NA,NA,NA,NA,NA,NA,NA,NA,0,0,0,5_T4,NA,NA,NA,NA,NA
T4,Low,High,5,267_12,267,2498.61,1,241,NA,NA,NA,NA,NA,NA,NA,NA,NA,NA,NA,NA,0,0,0,5_T4,NA,NA,NA,NA,NA
T4,Low,High,5,199_1,199,3502,2,258,NA,NA,NA,NA,NA,NA,NA,NA,NA,NA,NA,NA,0,0,0,5_T4,NA,NA,NA,NA,NA
T4,Low,High,5,67_4,67,2903,1,229,NA,NA,NA,NA,NA,NA,NA,NA,NA,NA,NA,NA,0,0,0,5_T4,NA,NA,NA,NA,NA
T4,Low,High,5,212_7,212,3131,1,232,312,332,67,35,NA,NA,NA,NA,NA,NA,125.5580011,0.339100346,1,2,87,5_T4,2.563559322,0.719381688,79,20,102
T4,Low,High,5,194_2,194,3108,1,232,245,317,76,NA,NA,NA,NA,NA,NA,NA,111.6201835,0.367619048,1,6,308.54,5_T4,2.428158845,0.708298231,12,72,76
T4,Low,High,5,201_2,201,3352,1,229,NA,NA,NA,NA,NA,NA,NA,NA,NA,NA,NA,NA,0,0,0,5_T4,NA,NA,NA,NA,NA
T4,Low,High,5,211_13A,211,3121.58,1,231,272,279,112,NA,NA,NA,NA,NA,NA,NA,107.7519069,0.378923767,1,7,351.36,5_T4,1.471834764,0.595442214,38,7,112
T4,Low,High,5,207_14B,207,3218.6,2,258,NA,NA,NA,NA,NA,NA,NA,NA,NA,NA,NA,NA,0,0,0,5_T4,NA,NA,NA,NA,NA
T4,Low,High,5,257_2,257,2754.1728,1,231,NA,NA,NA,NA,NA,NA,NA,NA,NA,NA,NA,NA,0,0,0,5_T4,NA,NA,NA,NA,NA
T4,Low,High,5,273_18C,273,2710,2,258,NA,NA,NA,NA,NA,NA,NA,NA,NA,NA,NA,NA,0,0,0,5_T4,NA,NA,NA,NA,NA
T4,Low,High,5,48_2,48,2951,2,258,NA,NA,NA,NA,NA,NA,NA,NA,NA,NA,NA,NA,0,0,0,5_T4,NA,NA,NA,NA,NA
T4,Low,High,5,255_28,255,3341.67,1,231,NA,NA,NA,NA,NA,NA,NA,NA,NA,NA,NA,NA,0,0,0,5_T4,NA,NA,NA,NA,NA
T4,Low,High,5,283_22,283,2890,2,259,NA,NA,NA,NA,NA,NA,NA,NA,NA,NA,NA,NA,0,0,0,5_T4,NA,NA,NA,NA,NA
T4,Low,High,5,273_18C,273,2710,2,258,NA,NA,NA,NA,NA,NA,NA,NA,NA,NA,NA,NA,0,0,0,5_T4,NA,NA,NA,NA,NA
T4,Low,High,5,283_22,283,2890,1,232,NA,NA,NA,NA,NA,NA,NA,NA,NA,NA,NA,NA,0,0,0,5_T4,NA,NA,NA,NA,NA
T4,Low,High,5,273_18C,273,2710,2,258,NA,NA,NA,NA,NA,NA,NA,NA,NA,NA,NA,NA,0,0,0,5_T4,NA,NA,NA,NA,NA
T4,Low,High,5,304_19A,304,3673,1,237,NA,NA,NA,NA,NA,NA,NA,NA,NA,NA,NA,NA,0,0,0,5_T4,NA,NA,NA,NA,NA
T4,Low,High,5,49_2,49,2935,1,241,262,286,108,NA,NA,NA,NA,NA,NA,NA,107.0431107,0.352808989,1,13,453.62,5_T4,2.06025641,0.673229996,38,24,108
T4,Low,High,5,255_28,255,3341.67,1,231,NA,NA,NA,NA,NA,NA,NA,NA,NA,NA,NA,NA,0,0,0,5_T4,NA,NA,NA,NA,NA
T4,Low,High,5,162_2,162,3055,2,258,NA,NA,NA,NA,NA,NA,NA,NA,NA,NA,NA,NA,0,0,0,5_T4,NA,NA,NA,NA,NA
T4,Low,High,5,267_12,267,2498.61,2,259,NA,NA,NA,NA,NA,NA,NA,NA,NA,NA,79.26283131,0.365217391,0,0,0,5_T4,2.957580518,0.747320365,NA,NA,NA
T4,Low,High,5,212_7,212,3131,1,229,NA,NA,NA,NA,NA,NA,NA,NA,NA,NA,NA,NA,0,0,0,5_T4,NA,NA,NA,NA,NA
T4,Low,High,5,328_2,328,3660,1,229,258,293,56,NA,NA,NA,NA,NA,NA,NA,108.1722593,0.38961039,1,14,364.35,5_T4,1.091457286,0.521864488,22,35,56
T4,Low,High,5,269_15,269,2800,1,231,NA,NA,NA,NA,NA,NA,NA,NA,NA,NA,NA,NA,0,0,0,5_T4,NA,NA,NA,NA,NA
T4,Low,High,5,207_14B,207,3218.6,2,259,NA,244,NA,NA,NA,NA,NA,NA,NA,NA,132.1985918,0.361445783,1,4,191.38,5_T4,2.420913884,0.707680452,NA,NA,NA
T4,Low,High,5,50_1,50,2934,2,259,231,244,131,NA,NA,NA,NA,NA,NA,NA,135.2613381,0.341013825,1,6,302.6,5_T4,3.335564854,0.769349546,25,13,131
T4,Low,High,5,162_2,162,3055,2,258,NA,NA,NA,NA,NA,NA,NA,NA,NA,NA,NA,NA,0,0,0,5_T4,NA,NA,NA,NA,NA
T4,Low,High,5,56_3,56,3132,2,258,230,245,142,NA,NA,NA,NA,NA,NA,NA,168.9711521,0.266081871,1,6,372.3,5_T4,2.334118571,0.700070655,23,15,142
T4,Low,High,5,83_1,83,2994,2,259,NA,NA,NA,NA,NA,NA,NA,NA,NA,NA,NA,NA,0,0,0,5_T4,NA,NA,NA,NA,NA
T4,Low,High,5,102_5,102,3072,1,229,NA,NA,NA,NA,NA,NA,NA,NA,NA,NA,NA,NA,0,0,0,5_T4,NA,NA,NA,NA,NA
T4,Low,High,5,212_7,212,3131,1,229,NA,NA,NA,NA,NA,NA,NA,NA,NA,NA,102.543964,0.393129771,1,3,122.8,5_T4,2.04040404,0.671096346,NA,NA,NA
T4,Low,High,5,86_2,86,2880,2,258,NA,NA,NA,NA,NA,NA,NA,NA,NA,NA,NA,NA,0,0,0,5_T4,NA,NA,NA,NA,NA
T4,Low,High,5,269_15,269,2800,1,231,258,349,38,NA,NA,NA,NA,NA,NA,NA,154.4218377,0.363095238,1,10,405.61,5_T4,3.790138549,0.791237771,24,91,38
T4,Low,High,5,83_1,83,2994,2,259,NA,NA,NA,NA,NA,NA,NA,NA,NA,NA,NA,NA,0,0,0,5_T4,NA,NA,NA,NA,NA
T4,Low,High,5,98_7,98,3011,2,259,NA,NA,NA,NA,NA,NA,NA,NA,NA,NA,NA,NA,0,0,0,5_T4,NA,NA,NA,NA,NA
T4,Low,High,5,303_8,303,3570,1,231,NA,NA,NA,NA,NA,NA,NA,NA,NA,NA,109.5482828,0.385507246,0,0,0,5_T4,1.976674365,0.66405462,NA,NA,NA
T4,Low,High,5,194_2,194,3108,1,229,261,274,199,NA,NA,NA,NA,NA,NA,NA,144.3116046,0.334394904,1,15,817.98,5_T4,2.268350434,0.694035257,25,13,199
T4,Low,High,5,210_3,210,3161.3,2,258,232,240,71,NA,NA,NA,NA,NA,NA,NA,169.7105636,0.322404372,1,4,195.8,5_T4,2.469068128,0.711738149,25,8,71
T4,Low,High,5,250_28,250,3133,1,241,251,262,42,NA,NA,NA,NA,NA,NA,NA,145.4907453,0.345070423,1,3,119.9,5_T4,3.440860215,0.774818402,27,11,42
T4,Low,High,5,267_12,267,2498.61,2,267,223,291,194,NA,NA,NA,NA,NA,NA,NA,118.1983465,0.333333333,1,15,490.3,5_T4,3.191755153,0.761436448,25,68,194
T4,Low,High,5,67_4,67,2903,1,232,NA,NA,NA,NA,NA,NA,NA,NA,NA,NA,NA,NA,0,0,0,5_T4,NA,NA,NA,NA,NA
T4,Low,High,5,48_2,48,2951,2,258,252,269,54,NA,NA,NA,NA,NA,NA,NA,147.9257873,0.297968397,1,9,406.1,5_T4,2.679756637,0.728242898,45,17,54
T4,Low,High,5,107_4,107,3091,1,232,NA,NA,NA,NA,NA,NA,NA,NA,NA,NA,68.22128934,0.378661088,0,0,0,5_T4,2.579400903,0.720623639,NA,NA,NA
T4,Low,High,5,98_7,98,3011,2,259,NA,NA,NA,NA,NA,NA,NA,NA,NA,NA,NA,NA,0,0,0,5_T4,NA,NA,NA,NA,NA
T4,Low,High,5,188_2,188,3126,1,229,NA,NA,NA,NA,NA,NA,NA,NA,NA,NA,NA,NA,0,0,0,5_T4,NA,NA,NA,NA,NA
T4,Low,High,5,50_1,50,2934,2,259,NA,NA,NA,NA,NA,NA,NA,NA,NA,NA,NA,NA,0,0,0,5_T4,NA,NA,NA,NA,NA
T4,Low,High,5,107_4,107,3091,1,232,264,275,212,NA,NA,NA,NA,NA,NA,NA,152.8676892,0.31316726,1,5,248.9,5_T4,1.969836066,0.663281078,31,11,212
T4,Low,High,5,49_2,49,2935,2,258,NA,NA,NA,NA,NA,NA,NA,NA,NA,NA,143.7644598,0.433628319,0,0,0,5_T4,0.895470383,0.472426471,NA,NA,NA
T4,Low,High,5,212_7,212,3131,1,229,253,361,30,NA,NA,NA,NA,NA,NA,NA,133.4197784,0.334552102,1,17,498.03,5_T4,1.902503294,0.655469814,17,108,30
T4,Low,High,5,212_7,212,3131,1,229,253,293,79,NA,NA,NA,NA,NA,NA,NA,138.1125821,0.354679803,1,11,403.7,5_T4,2.822134387,0.738366081,17,40,79
T4,Low,High,5,106_6,106,2925,1,237,NA,NA,NA,NA,NA,NA,NA,NA,NA,NA,NA,NA,0,0,0,5_T4,NA,NA,NA,NA,NA
T4,Low,High,5,189_1,189,3273,2,258,NA,NA,NA,NA,NA,NA,NA,NA,NA,NA,NA,NA,0,0,0,5_T4,NA,NA,NA,NA,NA
T4,Low,High,5,211_13A,211,3121.58,1,231,NA,NA,NA,NA,NA,NA,NA,NA,NA,NA,NA,NA,0,0,0,5_T4,NA,NA,NA,NA,NA
T4,Low,High,5,255_28,255,3341.67,1,231,318,349,47,38,NA,NA,NA,NA,NA,NA,209.2882478,0.294871795,1,22,1093.8,5_T4,2.952173913,0.746974697,84,31,85
T4,Low,High,5,212_7,212,3131,1,232,255,264,119,NA,NA,NA,NA,NA,NA,NA,137.5036473,0.356321839,1,9,334.3,5_T4,1.636487716,0.620707506,22,9,119
T4,Low,High,5,91_2,91,2910,2,258,240,276,66,NA,NA,NA,NA,NA,NA,NA,130.1151018,0.335616438,1,26,1146.64,5_T4,2.864901871,0.741261219,33,36,66
T4,Low,High,5,49_2,49,2935,2,258,NA,NA,NA,NA,NA,NA,NA,NA,NA,NA,NA,NA,0,0,0,5_T4,NA,NA,NA,NA,NA
T4,Low,High,5,91_2,91,2910,2,258,NA,NA,NA,NA,NA,NA,NA,NA,NA,NA,NA,NA,0,0,0,5_T4,NA,NA,NA,NA,NA
T4,Low,High,5,269_15,269,2800,1,231,252,261,42,NA,NA,NA,NA,NA,NA,NA,71.97287569,0.449339207,1,9,315.38,5_T4,1.968152866,0.663090129,18,9,42
T4,Low,High,5,303_8,303,3570,1,231,NA,NA,NA,NA,NA,NA,NA,NA,NA,NA,95.47984518,0.371991247,0,0,0,5_T4,2.832317073,0.739061257,NA,NA,NA
T4,Low,High,5,253_9,253,3460,2,258,NA,NA,NA,NA,NA,NA,NA,NA,NA,NA,NA,NA,0,0,0,5_T4,NA,NA,NA,NA,NA
T4,Low,High,5,211_13A,211,3121.58,1,231,257,272,109,NA,NA,NA,NA,NA,NA,NA,128.3354439,0.372750643,1,9,558.29,5_T4,1.878635219,0.652613157,23,15,109
T4,Low,High,5,162_2,162,3055,2,258,NA,NA,NA,NA,NA,NA,NA,NA,NA,NA,NA,NA,0,0,0,5_T4,NA,NA,NA,NA,NA
T4,Low,High,5,189_1,189,3273,2,258,NA,NA,NA,NA,NA,NA,NA,NA,NA,NA,NA,NA,0,0,0,5_T4,NA,NA,NA,NA,NA
T4,Low,High,6,212_7,212,3131,1,232,NA,NA,NA,NA,NA,NA,NA,NA,NA,NA,NA,NA,0,0,0,6_T4,NA,NA,NA,NA,NA
T4,Low,High,6,106_6,106,2925,1,229,NA,NA,NA,NA,NA,NA,NA,NA,NA,NA,NA,NA,0,0,0,6_T4,NA,NA,NA,NA,NA
T4,Low,High,6,283_22,283,2890,2,259,222,292,133,NA,NA,NA,NA,NA,NA,NA,112.2638032,0.411392405,1,9,342.2,6_T4,2.492113565,0.71364047,16,70,133
T4,Low,High,6,283_22,283,2890,1,232,NA,NA,NA,NA,NA,NA,NA,NA,NA,NA,NA,NA,0,0,0,6_T4,NA,NA,NA,NA,NA
T4,Low,High,6,250_28,250,3133,1,241,NA,NA,NA,NA,NA,NA,NA,NA,NA,NA,NA,NA,0,0,0,6_T4,NA,NA,NA,NA,NA
T4,Low,High,6,255_28,255,3341.67,1,231,257,272,69,NA,NA,NA,NA,NA,NA,NA,119.1921576,0.409302326,1,5,203.6,6_T4,1.715231788,0.631707317,23,15,69
T4,Low,High,6,273_18C,273,2710,2,258,NA,NA,NA,NA,NA,NA,NA,NA,NA,NA,NA,NA,0,0,0,6_T4,NA,NA,NA,NA,NA
T4,Low,High,6,213_1,213,2789.81,2,258,NA,NA,NA,NA,NA,NA,NA,NA,NA,NA,NA,NA,0,0,0,6_T4,NA,NA,NA,NA,NA
T4,Low,High,6,106_6,106,2925,1,237,NA,NA,NA,NA,NA,NA,NA,NA,NA,NA,NA,NA,0,0,0,6_T4,NA,NA,NA,NA,NA
T4,Low,High,6,106_6,106,2925,1,229,NA,NA,NA,NA,NA,NA,NA,NA,NA,NA,NA,NA,0,0,0,6_T4,NA,NA,NA,NA,NA
T4,Low,High,6,257_2,257,2754.1728,1,231,267,300,127,NA,NA,NA,NA,NA,NA,NA,107.8045861,0.412234043,1,14,595,6_T4,2.182142857,0.685746352,33,33,127
T4,Low,High,6,328_2,328,3660,1,229,258,325,61,NA,NA,NA,NA,NA,NA,NA,111.5190814,0.316860465,1,20,1064.89,6_T4,1.6067753,0.616384274,22,67,61
T4,Low,High,6,107_4,107,3091,1,232,266,325,178,NA,NA,NA,NA,NA,NA,NA,72.04789172,0.433206107,1,0,0,6_T4,3.310575139,0.768012396,33,59,178
T4,Low,High,6,269_15,269,2800,1,231,256,NA,95,NA,NA,NA,NA,NA,NA,NA,73.72326574,0.501960784,1,7,261.9,6_T4,2.182387966,0.685770556,22,NA,95
T4,Low,High,6,151_3,151,2975,1,241,NA,NA,NA,NA,NA,NA,NA,NA,NA,NA,NA,NA,0,0,0,6_T4,NA,NA,NA,NA,NA
T4,Low,High,6,102_5,102,3072,1,229,NA,NA,NA,NA,NA,NA,NA,NA,NA,NA,NA,NA,0,0,0,6_T4,NA,NA,NA,NA,NA
T4,Low,High,6,162_2,162,3055,2,258,238,252,258,NA,NA,NA,NA,NA,NA,NA,NA,NA,1,5,325.8,6_T4,2.018336315,0.668691658,31,14,258
T4,Low,High,6,212_7,212,3131,1,232,NA,NA,NA,NA,NA,NA,NA,NA,NA,NA,109.8834661,0.400793651,1,5,192.3,6_T4,1.945668135,0.660518445,NA,NA,NA
T4,Low,High,6,267_12,267,2498.61,2,267,NA,NA,NA,NA,NA,NA,NA,NA,NA,NA,NA,NA,0,0,0,6_T4,NA,NA,NA,NA,NA
T4,Low,High,6,48_2,48,2951,2,258,249,273,24,NA,NA,NA,NA,NA,NA,NA,97.05934503,0.380614657,1,9,260.6,6_T4,1.826965583,0.646263822,42,24,24
T4,Low,High,6,48_2,48,2951,1,229,NA,NA,NA,NA,NA,NA,NA,NA,NA,NA,NA,NA,0,0,0,6_T4,NA,NA,NA,NA,NA
T4,Low,High,6,214_7,214,2693.59,2,258,NA,NA,NA,NA,NA,NA,NA,NA,NA,NA,NA,NA,0,0,0,6_T4,NA,NA,NA,NA,NA
T4,Low,High,6,194_2,194,3108,1,232,NA,NA,NA,NA,NA,NA,NA,NA,NA,NA,NA,NA,0,0,0,6_T4,NA,NA,NA,NA,NA
T4,Low,High,6,210_3,210,3161.3,2,258,232,240,77,NA,NA,NA,NA,NA,NA,NA,109.8958097,0.438931298,1,4,206.7,6_T4,1.582621798,0.612796577,25,8,77
T4,Low,High,6,199_1,199,3502,2,258,NA,NA,NA,NA,NA,NA,NA,NA,NA,NA,NA,NA,0,0,0,6_T4,NA,NA,NA,NA,NA
T4,Low,High,6,199_1,199,3502,2,258,236,300,177,NA,NA,NA,NA,NA,NA,NA,92.92655646,0.408424908,1,4,150.1,6_T4,3.494825964,0.777521976,29,64,177
T4,Low,High,6,213_1,213,2789.81,1,241,NA,NA,NA,NA,NA,NA,NA,NA,NA,NA,NA,NA,0,0,0,6_T4,NA,NA,NA,NA,NA
T4,Low,High,6,207_14B,207,3218.6,2,258,236,281,46,NA,NA,NA,NA,NA,NA,NA,90.48336645,0.356725146,1,4,62.5,6_T4,1.901792673,0.655385442,29,45,46
T4,Low,High,6,48_2,48,2951,1,229,NA,NA,NA,NA,NA,NA,NA,NA,NA,NA,NA,NA,0,0,0,6_T4,NA,NA,NA,NA,NA
T4,Low,High,6,213_1,213,2789.81,2,258,NA,NA,NA,NA,NA,NA,NA,NA,NA,NA,NA,NA,0,0,0,6_T4,NA,NA,NA,NA,NA
T4,Low,High,6,48_2,48,2951,2,258,NA,NA,NA,NA,NA,NA,NA,NA,NA,NA,NA,NA,0,0,0,6_T4,NA,NA,NA,NA,NA
T4,Low,High,6,273_18C,273,2710,2,258,NA,NA,NA,NA,NA,NA,NA,NA,NA,NA,NA,NA,0,0,0,6_T4,NA,NA,NA,NA,NA
T4,Low,High,6,214_7,214,2693.59,2,258,NA,NA,NA,NA,NA,NA,NA,NA,NA,NA,NA,NA,0,0,0,6_T4,NA,NA,NA,NA,NA
T4,Low,High,6,194_2,194,3108,1,232,262,299,154,NA,NA,NA,NA,NA,NA,NA,109.4346397,0.383116883,1,6,215.2,6_T4,2.527017024,0.716474292,29,37,154
T4,Low,High,6,250_16,250,3133,2,258,NA,NA,NA,NA,NA,NA,NA,NA,NA,NA,NA,NA,0,0,0,6_T4,NA,NA,NA,NA,NA
T4,Low,High,6,283_22,283,2890,2,268,215,224,63,NA,NA,NA,NA,NA,NA,NA,54.66666315,0.881944444,1,7,341.2,6_T4,1.529692241,0.604694997,18,9,63
T4,Low,High,6,283_22,283,2890,1,232,NA,NA,NA,NA,NA,NA,NA,NA,NA,NA,NA,NA,0,0,0,6_T4,NA,NA,NA,NA,NA
T4,Low,High,6,107_4,107,3091,1,232,278,290,38,NA,NA,NA,NA,NA,NA,NA,80.6453226,0.568181818,1,2,53,6_T4,2.414483821,0.707129964,45,12,38
T4,Low,High,6,188_2,188,3126,1,229,NA,NA,NA,NA,NA,NA,NA,NA,NA,NA,NA,NA,0,0,0,6_T4,NA,NA,NA,NA,NA
T4,Low,High,6,250_28,250,3133,1,241,NA,NA,NA,NA,NA,NA,NA,NA,NA,NA,NA,NA,0,0,0,6_T4,NA,NA,NA,NA,NA
T4,Low,High,6,50_1,50,2934,2,259,NA,NA,NA,NA,NA,NA,NA,NA,NA,NA,NA,NA,0,0,0,6_T4,NA,NA,NA,NA,NA
T4,Low,High,6,255_28,255,3341.67,1,231,252,359,106,NA,NA,NA,NA,NA,NA,NA,220.4305483,0.206896552,1,12,496.8,6_T4,2.535041083,0.717117856,18,107,106
T4,Low,High,6,48_2,48,2951,2,258,NA,NA,NA,NA,NA,NA,NA,NA,NA,NA,NA,NA,0,0,0,6_T4,NA,NA,NA,NA,NA
T4,Low,High,6,194_2,194,3108,1,237,253,266,76,NA,NA,NA,NA,NA,NA,NA,131.8999054,0.417777778,1,7,431.7,6_T4,2.568532819,0.719772789,25,13,76
T4,Low,High,6,328_2,328,3660,1,229,261,274,102,NA,NA,NA,NA,NA,NA,NA,80.28689889,0.585365854,1,10,312,6_T4,1.264728097,0.55844589,25,13,102
T4,Low,High,6,66_4,66,2940,1,232,NA,NA,NA,NA,NA,NA,NA,NA,NA,NA,NA,NA,0,0,0,6_T4,NA,NA,NA,NA,NA
T4,Low,High,6,157_3,157,3004,2,258,238,NA,111,NA,NA,NA,NA,NA,NA,NA,156.8860167,0.3,1,5,288,6_T4,4.013667426,0.800545207,31,NA,111
T4,Low,High,6,199_1,199,3502,2,258,241,264,149,NA,NA,NA,NA,NA,NA,NA,121.54675,0.305,1,6,280.3,6_T4,2.776277158,0.735188929,34,23,149
T4,Low,High,6,91_2,91,2910,2,258,NA,NA,NA,NA,NA,NA,NA,NA,NA,NA,NA,NA,0,0,0,6_T4,NA,NA,NA,NA,NA
T4,Low,High,6,48_2,48,2951,1,229,NA,NA,NA,NA,NA,NA,NA,NA,NA,NA,NA,NA,0,0,0,6_T4,NA,NA,NA,NA,NA
T4,Low,High,6,199_1,199,3502,2,258,241,249,96,68,49,NA,NA,NA,NA,NA,NA,NA,1,7,257.01,6_T4,2.188162544,0.686339706,34,8,213
T4,Low,High,6,283_22,283,2890,2,258,228,245,93,NA,NA,NA,NA,NA,NA,NA,72.530611,0.738916256,1,4,179,6_T4,1.661211853,0.624231345,21,17,93
T4,Low,High,6,48_2,48,2951,2,258,NA,NA,NA,NA,NA,NA,NA,NA,NA,NA,115.3403895,0.307805596,0,0,0,6_T4,2.35256917,0.701721292,NA,NA,NA
T4,Low,High,6,48_2,48,2951,1,229,NA,NA,NA,NA,NA,NA,NA,NA,NA,NA,NA,NA,0,0,0,6_T4,NA,NA,NA,NA,NA
T4,Low,High,6,303_8,303,3570,1,231,NA,NA,NA,NA,NA,NA,NA,NA,NA,NA,88.12741641,0.325423729,1,4,61.2,6_T4,1.502694136,0.600430598,NA,NA,NA
T4,Low,High,6,83_1,83,2994,1,241,NA,NA,NA,NA,NA,NA,NA,NA,NA,NA,NA,NA,0,0,0,6_T4,NA,NA,NA,NA,NA
T4,Low,High,6,214_7,214,2693.59,2,258,NA,NA,NA,NA,NA,NA,NA,NA,NA,NA,NA,NA,0,0,0,6_T4,NA,NA,NA,NA,NA
T4,Low,High,6,86_2,86,2880,2,258,NA,NA,NA,NA,NA,NA,NA,NA,NA,NA,NA,NA,0,0,0,6_T4,NA,NA,NA,NA,NA
T4,Low,High,6,303_8,303,3570,1,231,261,272,27,32,NA,NA,NA,NA,NA,NA,115.0225528,0.425373134,1,4,150.6,6_T4,1.760899369,0.637799186,27,11,59
T4,Low,High,6,328_2,328,3660,1,229,NA,NA,NA,NA,NA,NA,NA,NA,NA,NA,NA,NA,0,0,0,6_T4,NA,NA,NA,NA,NA
T4,Low,High,6,51_1,51,2929,2,250,260,281,130,118,NA,NA,NA,NA,NA,NA,63.3110585,0.837696335,1,11,733.4,6_T4,2.305242528,0.697450341,45,21,248
T4,Low,High,6,283_22,283,2890,2,268,216,224,126,NA,NA,NA,NA,NA,NA,NA,64.26454069,0.100769231,1,6,306.2,6_T4,1.501311475,0.600209726,19,8,126
T4,Low,High,6,283_22,283,2890,1,232,NA,NA,NA,NA,NA,NA,NA,NA,NA,NA,NA,NA,0,0,0,6_T4,NA,NA,NA,NA,NA
T4,Low,High,6,162_2,162,3055,2,258,NA,NA,NA,NA,NA,NA,NA,NA,NA,NA,NA,NA,0,0,0,6_T4,NA,NA,NA,NA,NA
T4,Low,High,6,270_10,270,2553,1,232,254,290,47,NA,NA,NA,NA,NA,NA,NA,126.8885507,0.373287671,1,10,368.8,6_T4,4.110194903,0.804312748,21,36,47
T4,Low,High,6,210_3,210,3161.3,2,258,NA,NA,NA,NA,NA,NA,NA,NA,NA,NA,NA,NA,0,0,0,6_T4,NA,NA,NA,NA,NA
T4,Low,High,6,269_15,269,2800,1,231,248,351,38,NA,NA,NA,NA,NA,NA,NA,57.21532402,0.508990318,1,8,251.2,6_T4,3.874519231,0.794851563,14,103,38
T4,Low,High,6,66_4,66,2940,1,232,NA,NA,NA,NA,NA,NA,NA,NA,NA,NA,NA,NA,0,0,0,6_T4,NA,NA,NA,NA,NA
T4,Low,High,6,283_22,283,2890,2,268,217,222,136,NA,NA,NA,NA,NA,NA,NA,94.060608,0.534351145,1,5,251.6,6_T4,2.436655405,0.709019415,20,5,136
T4,Low,High,6,283_22,283,2890,1,232,NA,NA,NA,NA,NA,NA,NA,NA,NA,NA,NA,NA,0,0,0,6_T4,NA,NA,NA,NA,NA
T4,Low,High,6,212_7,212,3131,1,232,NA,NA,NA,NA,NA,NA,NA,NA,NA,NA,NA,NA,0,0,0,6_T4,NA,NA,NA,NA,NA
T4,Low,High,6,255_28,255,3341.67,1,231,252,259,61,NA,NA,NA,NA,NA,NA,NA,112.1354009,0.447488584,1,5,246.7,6_T4,2.424501425,0.707986689,18,7,61
T4,Low,High,6,211_13A,211,3121.58,1,231,263,291,64,NA,NA,NA,NA,NA,NA,NA,116.9081467,0.388059701,1,13,981.7,6_T4,3.357752809,0.770523927,29,28,64
T4,Low,High,7,201_2,201,3352,1,229,NA,NA,NA,NA,NA,NA,NA,NA,NA,NA,NA,NA,0,0,0,7_T4,NA,NA,NA,NA,NA
T4,Low,High,7,83_1,83,2994,2,259,NA,NA,NA,NA,NA,NA,NA,NA,NA,NA,NA,NA,0,0,0,7_T4,NA,NA,NA,NA,NA
T4,Low,High,7,304_19A,304,3673,1,237,NA,NA,NA,NA,NA,NA,NA,NA,NA,NA,139.4805658,0.373831776,0,2,59.1,7_T4,0.697322468,0.410836763,NA,NA,NA
T4,Low,High,7,212_7,212,3131,1,232,266,299,61,NA,NA,NA,NA,NA,NA,NA,105.5119036,0.361111111,1,10,233.31,7_T4,2.654320988,0.726351351,33,33,61
T4,Low,High,7,213_1,213,2789.81,2,258,NA,NA,NA,NA,NA,NA,NA,NA,NA,NA,NA,NA,0,0,0,7_T4,NA,NA,NA,NA,NA
T4,Low,High,7,213_1,213,2789.81,1,241,NA,NA,NA,NA,NA,NA,NA,NA,NA,NA,NA,NA,0,0,0,7_T4,NA,NA,NA,NA,NA
T4,Low,High,7,66_4,66,2940,1,232,NA,NA,NA,NA,NA,NA,NA,NA,NA,NA,NA,NA,0,0,0,7_T4,NA,NA,NA,NA,NA
T4,Low,High,7,283_22,283,2890,2,268,NA,NA,NA,NA,NA,NA,NA,NA,NA,NA,NA,NA,0,0,0,7_T4,NA,NA,NA,NA,NA
T4,Low,High,7,210_3,210,3161.3,2,258,240,249,59,NA,NA,NA,NA,NA,NA,NA,133.867253,0.371900826,1,5,227,7_T4,1.350661626,0.574587857,33,9,59
T4,Low,High,7,207_14B,207,3218.6,2,259,NA,NA,NA,NA,NA,NA,NA,NA,NA,NA,NA,NA,0,0,0,7_T4,NA,NA,NA,NA,NA
T4,Low,High,7,102_5,102,3072,1,229,269,342,70,36,42,NA,NA,NA,NA,NA,119.9225817,0.489795918,1,10,278.15,7_T4,3.486942547,0.777131089,33,73,148
T4,Low,High,7,56_3,56,3132,2,258,232,245,121,NA,NA,NA,NA,NA,NA,NA,123.4626125,0.324149109,1,7,475.4,7_T4,4.899845917,0.830504048,25,13,121
T4,Low,High,7,257_2,257,2754.1728,1,231,NA,NA,NA,NA,NA,NA,NA,NA,NA,NA,NA,NA,0,0,0,7_T4,NA,NA,NA,NA,NA
T4,Low,High,7,107_4,107,3091,1,232,NA,NA,NA,NA,NA,NA,NA,NA,NA,NA,NA,NA,0,0,0,7_T4,NA,NA,NA,NA,NA
T4,Low,High,7,194_2,194,3108,1,237,NA,NA,NA,NA,NA,NA,NA,NA,NA,NA,NA,NA,0,0,0,7_T4,NA,NA,NA,NA,NA
T4,Low,High,7,207_14B,207,3218.6,2,259,NA,244,NA,NA,NA,NA,NA,NA,NA,NA,90.131602,0.35625,1,4,224.9,7_T4,4.896848138,0.830417881,NA,NA,NA
T4,Low,High,7,303_8,303,3570,1,231,256,261,52,NA,NA,NA,NA,NA,NA,NA,151.8261047,0.358490566,1,3,145.2,7_T4,1.957604663,0.66188855,22,5,52
T4,Low,High,7,56_3,56,3132,2,267,NA,NA,NA,NA,NA,NA,NA,NA,NA,NA,NA,NA,0,0,0,7_T4,NA,NA,NA,NA,NA
T4,Low,High,7,250_16,250,3133,2,258,234,245,92,NA,NA,NA,NA,NA,NA,NA,91.57343106,0.389810427,1,10,311.5,7_T4,3.313773717,0.76818441,27,11,92
T4,Low,High,7,255_28,255,3341.67,1,231,265,276,130,NA,NA,NA,NA,NA,NA,NA,123.0737228,0.383233533,1,3,111.2,7_T4,1.698879552,0.629475869,31,11,130
T4,Low,High,7,273_18C,273,2710,2,258,313,316,22,18,NA,NA,NA,NA,NA,NA,129.5104142,0.470588235,1,4,86.06,7_T4,1.480941704,0.596927248,106,3,40
T4,Low,High,7,102_5,102,3072,1,229,294,302,69,57,NA,NA,NA,NA,NA,NA,148.9749733,0.297560976,1,8,345.7,7_T4,2.623252391,0.724004874,58,8,126
T4,Low,High,7,303_8,303,3570,2,258,224,265,22,NA,NA,NA,NA,NA,NA,NA,144.0801828,0.468,1,11,123.4,7_T4,1.753308129,0.636800549,17,41,22
T4,Low,High,7,100_2,100,3042,2,258,NA,NA,NA,NA,NA,NA,NA,NA,NA,NA,NA,NA,0,0,0,7_T4,NA,NA,NA,NA,NA
T4,Low,High,7,250_16,250,3133,2,258,NA,NA,NA,NA,NA,NA,NA,NA,NA,NA,NA,NA,0,0,0,7_T4,NA,NA,NA,NA,NA
T4,Low,High,7,189_1,189,3273,2,258,NA,NA,NA,NA,NA,NA,NA,NA,NA,NA,NA,NA,0,0,0,7_T4,NA,NA,NA,NA,NA
T4,Low,High,7,188_2,188,3126,2,258,NA,NA,NA,NA,NA,NA,NA,NA,NA,NA,NA,NA,0,0,0,7_T4,NA,NA,NA,NA,NA
T4,Low,High,7,213_1,213,2789.81,1,241,NA,NA,NA,NA,NA,NA,NA,NA,NA,NA,NA,NA,0,0,0,7_T4,NA,NA,NA,NA,NA
T4,Low,High,7,107_4,107,3091,1,232,NA,NA,NA,NA,NA,NA,NA,NA,NA,NA,NA,NA,0,0,0,7_T4,NA,NA,NA,NA,NA
T4,Low,High,7,250_16,250,3133,2,258,NA,NA,NA,NA,NA,NA,NA,NA,NA,NA,NA,NA,0,0,0,7_T4,NA,NA,NA,NA,NA
T4,Low,High,7,213_1,213,2789.81,2,258,NA,NA,NA,NA,NA,NA,NA,NA,NA,NA,NA,NA,0,0,0,7_T4,NA,NA,NA,NA,NA
T4,Low,High,7,257_2,257,2754.1728,1,231,NA,NA,NA,NA,NA,NA,NA,NA,NA,NA,NA,NA,0,0,0,7_T4,NA,NA,NA,NA,NA
T4,Low,High,7,270_10,270,2553,1,232,NA,NA,NA,NA,NA,NA,NA,NA,NA,NA,109.3259777,0.360544218,0,0,0,7_T4,0.956072351,0.488771466,NA,NA,NA
T4,Low,High,7,199_1,199,3502,2,258,238,249,140,NA,NA,NA,NA,NA,NA,NA,88.8822719,0.367595819,1,4,134.8,7_T4,4.19077135,0.807350405,31,11,140
T4,Low,High,7,189_1,189,3273,2,258,NA,NA,NA,NA,NA,NA,NA,NA,NA,NA,NA,NA,0,0,0,7_T4,NA,NA,NA,NA,NA
T4,Low,High,7,328_2,328,3660,1,229,NA,NA,NA,NA,NA,NA,NA,NA,NA,NA,NA,NA,0,0,0,7_T4,NA,NA,NA,NA,NA
T4,Low,High,7,91_2,91,2910,2,258,238,273,240,NA,NA,NA,NA,NA,NA,NA,152.0433148,0.283018868,1,11,433.2,7_T4,3.49380531,0.777471445,31,35,240
T4,Low,High,7,86_2,86,2880,1,231,NA,NA,NA,NA,NA,NA,NA,NA,NA,NA,NA,NA,0,0,0,7_T4,NA,NA,NA,NA,NA
T4,Low,High,7,56_3,56,3132,2,259,NA,NA,NA,NA,NA,NA,NA,NA,NA,NA,NA,NA,0,0,0,7_T4,NA,NA,NA,NA,NA
T4,Low,High,7,283_22,283,2890,2,258,NA,NA,NA,NA,NA,NA,NA,NA,NA,NA,NA,NA,0,0,0,7_T4,NA,NA,NA,NA,NA
T4,Low,High,7,86_2,86,2880,2,267,NA,NA,NA,NA,NA,NA,NA,NA,NA,NA,NA,NA,0,0,0,7_T4,NA,NA,NA,NA,NA
T4,Low,High,7,189_1,189,3273,2,258,234,240,145,NA,NA,NA,NA,NA,NA,NA,135.3166542,0.321321321,1,5,261.4,7_T4,3.856299213,0.794081881,27,6,145
T4,Low,High,7,188_2,188,3126,1,229,NA,NA,NA,NA,NA,NA,NA,NA,NA,NA,NA,NA,0,0,0,7_T4,NA,NA,NA,NA,NA
T4,Low,High,7,188_2,188,3126,1,229,NA,NA,NA,NA,NA,NA,NA,NA,NA,NA,NA,NA,0,0,0,7_T4,NA,0,NA,NA,NA
T4,Low,High,7,189_1,189,3273,2,258,236,245,101,NA,NA,NA,NA,NA,NA,NA,116.2946908,0.417431193,1,3,141.8,7_T4,2.601146601,0.722310666,29,9,101
T4,Low,High,7,269_15,269,2800,1,231,256,340,66,NA,NA,NA,NA,NA,NA,NA,74.38709083,0.446945338,1,9,205.62,7_T4,3.781923279,0.790879121,22,84,66
T4,Low,High,7,250_16,250,3133,2,258,NA,NA,NA,NA,NA,NA,NA,NA,NA,NA,NA,NA,0,0,0,7_T4,NA,NA,NA,NA,NA
T4,Low,High,7,157_3,157,3004,2,258,249,265,142,NA,NA,NA,NA,NA,NA,NA,197.2984372,0.179723502,1,11,446.9,7_T4,2.994455994,0.749653019,42,16,142
T4,Low,High,7,303_8,303,3570,1,231,NA,NA,NA,NA,NA,NA,NA,NA,NA,NA,93.54566016,0.445652174,1,5,173.6,7_T4,1.241556955,0.553881512,NA,NA,NA
T4,Low,High,7,250_28,250,3133,2,259,230,264,61,NA,NA,NA,NA,NA,NA,NA,113.6202989,0.349127182,1,13,569.1,7_T4,3.361053361,0.770697601,24,34,61
T4,Low,High,7,303_8,303,3570,1,231,246,258,46,NA,NA,NA,NA,NA,NA,NA,104.1664831,0.297227036,1,6,249.8,7_T4,2.167084378,0.684252176,12,12,46
T4,Low,High,7,102_5,102,3072,1,229,NA,NA,NA,NA,NA,NA,NA,NA,NA,NA,NA,NA,0,0,0,7_T4,NA,NA,NA,NA,NA
T4,Low,High,7,303_8,303,3570,1,231,255,263,44,NA,NA,NA,NA,NA,NA,NA,127.9698954,0.298245614,1,4,137.4,7_T4,1.666950596,0.625039923,21,8,44
T4,Low,High,8,304_19A,304,3673,1,237,247,266,53,NA,NA,NA,NA,NA,NA,NA,135.7635015,0.300884956,1,8,373.6,8_T4,1.655928263,0.623483806,19,19,53
T4,Low,High,8,255_28,255,3341.67,1,231,NA,NA,NA,NA,NA,NA,NA,NA,NA,NA,NA,NA,0,0,0,8_T4,NA,NA,NA,NA,NA
T4,Low,High,8,157_3,157,3004,2,258,238,273,72,NA,NA,NA,NA,NA,NA,NA,119.0698014,0.375478927,1,7,357,8_T4,1.783704786,0.640766505,31,35,72
T4,Low,High,8,270_10,270,2553,1,237,271,302,18,16,NA,NA,NA,NA,NA,NA,113.4339186,0.331125828,1,0,0,8_T4,0.8203295,0.450648907,43,31,34
T4,Low,High,8,304_19A,304,3673,1,237,NA,266,NA,NA,NA,NA,NA,NA,NA,NA,127.3622619,0.505050505,1,3,46.15,8_T4,0.806443365,0.446426044,NA,NA,NA
T4,Low,High,8,269_15,269,2800,1,231,253,NA,83,NA,NA,NA,NA,NA,NA,NA,120.6493851,0.325301205,1,6,225.3,8_T4,2.706015038,0.730168391,19,NA,83
T4,Low,High,8,86_2,86,2880,1,241,NA,NA,NA,NA,NA,NA,NA,NA,NA,NA,NA,NA,0,0,0,8_T4,NA,NA,NA,NA,NA
T4,Low,High,8,303_8,303,3570,1,231,256,NA,42,NA,NA,NA,NA,NA,NA,NA,92.94456398,0.369863014,1,3,144.7,8_T4,1.54692454,0.6073696,22,NA,42
